household_id,sector,salary,own_house,house_rent,own_car,car_expenses,married,number_of_children,food,transport,education,healthcare,utilities,clothing,entertainment,sports,savings
1,Health,60860,VRAI,0,FAUX,0,VRAI,1,16164,3219,8314,4872,4335,1267,4168,0,18521
2,Finance,45311,FAUX,27568,VRAI,9396,VRAI,0,13705,0,0,3171,2328,2671,1433,1573,-16534
3,Health,91551,VRAI,0,FAUX,0,VRAI,0,23483,8921,0,8997,6797,2946,2278,0,38129
4,Construction,108555,VRAI,0,VRAI,6152,VRAI,3,30522,0,11073,8395,6029,6381,6378,0,33625
5,Health,51534,VRAI,0,VRAI,4016,FAUX,0,14886,0,0,3275,3857,1766,1754,0,21980
6,Extractives,33006,VRAI,0,VRAI,5695,VRAI,2,8907,0,3998,2954,2250,1883,1734,0,5585
7,Commerce,38067,VRAI,0,VRAI,5454,VRAI,4,12294,0,4330,3592,2442,943,2118,0,6894
8,Construction,46910,VRAI,0,VRAI,3206,VRAI,1,13788,0,3291,4446,3014,1995,2569,1603,12998
9,Health,115820,VRAI,0,VRAI,6157,FAUX,1,38314,0,13127,10837,8583,3180,7485,0,28137
10,Construction,55707,VRAI,0,FAUX,0,VRAI,2,16306,5063,7580,2804,3638,2044,1732,1309,15231
11,Agriculture,90303,VRAI,0,VRAI,4853,FAUX,1,28863,0,10947,5183,7218,2769,6215,0,24255
12,Industry,98623,FAUX,23949,VRAI,4707,VRAI,5,27042,0,11559,8686,5634,4845,3786,0,8415
13,Agriculture,41930,FAUX,19339,FAUX,0,VRAI,2,12960,3517,2166,3170,2381,1920,1204,0,-4727
14,Finance,71111,VRAI,0,VRAI,9616,VRAI,5,22725,0,5180,4177,5650,2891,2349,0,18523
15,Industry,59492,FAUX,17158,VRAI,6170,FAUX,2,19967,0,5381,5615,4493,3416,3525,0,-6233
16,Education,42557,FAUX,12200,VRAI,7973,VRAI,5,12547,0,6359,2502,2150,1691,1231,1692,-5788
17,Extractives,64735,VRAI,0,VRAI,11050,VRAI,5,17763,0,9535,4509,4969,2928,3867,0,10114
18,Extractives,89124,VRAI,0,VRAI,10683,VRAI,0,22669,0,0,8888,5712,2779,5719,0,32674
19,Commerce,28420,VRAI,0,FAUX,0,FAUX,0,7319,1855,0,1692,1649,1120,1097,1243,12445
20,Commerce,111885,VRAI,0,FAUX,0,FAUX,1,30814,7246,9203,10341,6052,5410,5330,2997,34492
21,Transport,50647,FAUX,29334,FAUX,0,FAUX,0,13021,3537,0,2660,3879,1068,2478,0,-5330
22,Agriculture,113298,VRAI,0,FAUX,0,VRAI,1,38072,7082,6104,7382,7490,3746,6955,5507,30960
23,Health,114021,VRAI,0,FAUX,0,VRAI,3,30018,11228,13848,5935,7065,4257,6522,1980,33168
24,Construction,41150,FAUX,19204,VRAI,3512,VRAI,5,10673,0,2809,3980,2845,1673,2175,0,-5721
25,Construction,33130,VRAI,0,VRAI,10253,VRAI,5,8586,0,1968,2172,2630,894,691,0,5936
26,Construction,34827,VRAI,0,VRAI,13262,VRAI,5,10918,0,1899,2393,2395,1397,2187,0,376
27,Finance,89168,FAUX,10851,FAUX,0,VRAI,3,23437,8075,11775,7249,6653,4107,2704,1657,12660
28,Finance,42082,VRAI,0,FAUX,0,VRAI,1,10618,3817,3290,2352,2983,1900,2687,0,14435
29,Transport,33867,VRAI,0,FAUX,0,FAUX,0,10944,1909,0,2116,2283,1852,1628,1259,11876
30,Transport,62914,VRAI,0,FAUX,0,VRAI,0,17742,5962,0,4370,3166,3536,1545,3020,23573
31,Industry,116418,FAUX,21130,VRAI,6636,FAUX,0,30425,0,0,11239,9223,6966,2653,0,28146
32,Finance,29846,VRAI,0,FAUX,0,VRAI,4,9964,2128,2156,2084,2290,771,1362,992,8099
33,Extractives,26365,FAUX,17494,FAUX,0,FAUX,1,8458,1953,2314,2247,1514,875,1100,690,-10280
34,Health,53116,FAUX,20150,FAUX,0,VRAI,5,15404,3924,3096,4059,3351,2766,3659,0,-3293
35,Industry,80559,VRAI,0,FAUX,0,VRAI,2,25741,4331,5366,4901,4739,4820,4418,3180,23063
36,Commerce,84933,VRAI,0,FAUX,0,VRAI,3,26727,5895,6194,5375,5164,2581,3623,1799,27575
37,Health,35700,FAUX,27308,VRAI,10714,FAUX,1,10412,0,3859,3425,1873,1965,1698,944,-26498
38,Extractives,42193,FAUX,24512,VRAI,10449,VRAI,5,14046,0,4510,2243,2156,1069,872,1589,-19253
39,Industry,30989,FAUX,13636,FAUX,0,FAUX,0,8494,1867,0,1939,1804,876,1980,0,393
40,Commerce,54489,VRAI,0,VRAI,3770,VRAI,3,18070,0,7998,2965,4018,2375,2397,0,12896
41,Industry,37173,FAUX,25781,FAUX,0,FAUX,1,11486,2587,3484,3539,2247,1507,2199,1296,-16953
42,Extractives,111332,FAUX,26521,FAUX,0,VRAI,3,28570,5821,12478,7500,6265,4807,4127,0,15243
43,Construction,75183,VRAI,0,VRAI,10687,VRAI,3,21394,0,10501,5540,5264,2021,2226,1259,16291
44,Agriculture,53716,VRAI,0,FAUX,0,VRAI,5,15385,4037,6394,2791,3974,2423,1293,0,17419
45,Extractives,89721,FAUX,24178,VRAI,13958,VRAI,5,24548,0,11304,6869,6425,2018,2457,3363,-5399
46,Finance,100441,VRAI,0,VRAI,11152,FAUX,1,30774,0,13466,5470,6635,2945,3731,0,26268
47,Education,56616,VRAI,0,VRAI,7206,FAUX,2,18374,0,5274,3191,3312,1954,2960,0,14345
48,Agriculture,63812,FAUX,27844,VRAI,4733,VRAI,3,21382,0,3751,5761,3297,3426,1440,2417,-10239
49,Agriculture,116641,VRAI,0,FAUX,0,VRAI,5,32168,6828,13631,11252,7780,4999,3965,0,36018
50,Agriculture,56608,FAUX,16283,VRAI,9233,FAUX,1,17442,0,3704,4192,3734,1249,2084,709,-2022
51,Commerce,41619,VRAI,0,FAUX,0,FAUX,2,12374,3342,5386,2302,3143,2074,1682,0,11316
52,Transport,79019,VRAI,0,FAUX,0,FAUX,0,20859,7093,0,4747,4338,2099,4798,0,35085
53,Health,56984,FAUX,28520,FAUX,0,VRAI,5,19372,4627,5925,4099,3836,1949,2255,0,-13599
54,Commerce,35343,FAUX,11970,VRAI,13818,VRAI,1,9327,0,4573,2862,2332,1970,2100,794,-14403
55,Construction,27336,VRAI,0,FAUX,0,FAUX,2,8896,1507,2833,1884,1741,1207,1233,0,8035
56,Health,27891,FAUX,25770,FAUX,0,VRAI,3,8970,2229,3700,2732,1681,811,1148,964,-20114
57,Commerce,51473,FAUX,10827,FAUX,0,VRAI,3,16935,2632,5926,4558,3151,1171,1228,2245,2800
58,Construction,94560,VRAI,0,FAUX,0,FAUX,1,31559,6298,7673,5803,6452,3325,5410,3925,24115
59,Transport,47970,VRAI,0,FAUX,0,FAUX,1,14226,3551,6804,3806,2445,2710,1554,0,12874
60,Industry,53472,VRAI,0,FAUX,0,VRAI,3,14505,4050,7890,3900,3567,2910,2500,1175,12975
61,Construction,27482,VRAI,0,FAUX,0,VRAI,4,8588,1893,3673,2181,1616,1334,1274,0,6923
62,Finance,36485,VRAI,0,VRAI,9016,VRAI,2,10483,0,2812,2999,2271,766,1014,0,7124
63,Commerce,25832,VRAI,0,VRAI,13682,VRAI,5,7334,0,2762,2437,1723,1261,1556,0,-4923
64,Health,48356,VRAI,0,VRAI,3822,FAUX,2,15151,0,5976,4468,2595,2662,2521,0,11161
65,Industry,31035,VRAI,0,FAUX,0,VRAI,3,10336,2087,3953,2114,2353,893,2132,0,7167
66,Commerce,27106,FAUX,14831,VRAI,6186,VRAI,0,8244,0,0,2213,1565,693,1673,0,-8299
67,Finance,48996,VRAI,0,FAUX,0,VRAI,3,14689,2614,4435,3668,3508,1188,1322,1012,16560
68,Commerce,117953,FAUX,25156,VRAI,12900,FAUX,0,34007,0,0,8958,6063,3143,6711,4025,16990
69,Industry,46819,FAUX,21046,FAUX,0,FAUX,2,14811,4534,5770,2844,2384,1427,2329,1397,-9723
70,Finance,39536,FAUX,11524,VRAI,5343,FAUX,0,12670,0,0,3159,2522,910,944,1925,539
71,Finance,58706,VRAI,0,FAUX,0,FAUX,0,20254,4244,0,3478,3889,3224,3323,0,20294
72,Industry,62421,FAUX,15319,VRAI,8387,VRAI,1,15927,0,7302,3258,4222,3743,2983,0,1280
73,Industry,84070,VRAI,0,FAUX,0,FAUX,2,27703,7335,4664,6116,5521,3848,4414,2726,21743
74,Finance,25130,FAUX,12983,VRAI,10126,VRAI,0,7635,0,0,2087,1812,1025,1038,0,-11576
75,Construction,59625,FAUX,14346,FAUX,0,VRAI,2,15323,3009,3295,3245,3048,2336,2923,1546,10554
76,Transport,43430,VRAI,0,FAUX,0,VRAI,4,12397,2795,3458,2678,2226,899,3013,0,15964
77,Transport,32511,VRAI,0,FAUX,0,FAUX,0,8418,2304,0,3054,2546,1258,1647,1614,11670
78,Commerce,116979,FAUX,15429,FAUX,0,VRAI,1,29793,8095,6278,11447,8748,6086,6023,3594,21486
79,Extractives,50106,VRAI,0,FAUX,0,VRAI,2,16614,3067,3626,3850,3396,2164,1231,0,16158
80,Transport,77602,FAUX,23774,FAUX,0,VRAI,2,21584,4860,3919,6579,3993,3205,5285,3552,851
81,Extractives,30233,VRAI,0,VRAI,5396,FAUX,2,8609,0,3561,2366,1753,1667,1810,0,5071
82,Transport,31924,FAUX,23481,VRAI,6738,FAUX,2,10795,0,4665,2339,2438,645,1947,1479,-22603
83,Health,56077,FAUX,10294,VRAI,14309,VRAI,0,17562,0,0,3532,3870,2332,3308,2267,-1397
84,Transport,49439,FAUX,11435,FAUX,0,FAUX,0,16259,2901,0,4377,3876,1317,2894,0,6380
85,Extractives,51383,VRAI,0,FAUX,0,FAUX,0,15137,4232,0,4096,3160,1162,3138,2196,18262
86,Construction,104569,VRAI,0,VRAI,11707,VRAI,4,35074,0,10739,9546,6164,5604,6132,1595,18008
87,Extractives,104413,VRAI,0,VRAI,7116,FAUX,0,32770,0,0,7296,6079,6197,4225,0,40730
88,Finance,61980,VRAI,0,FAUX,0,FAUX,1,20852,4565,9099,3673,4714,3164,3628,0,12285
89,Education,77343,VRAI,0,FAUX,0,FAUX,1,22909,3871,8494,6215,4441,3274,2419,2789,22931
90,Industry,27433,FAUX,14167,VRAI,13205,VRAI,5,9532,0,3352,2272,1994,1594,1793,0,-20476
91,Commerce,69768,VRAI,0,FAUX,0,VRAI,5,21754,5938,7392,3522,4171,2840,1701,790,21660
92,Agriculture,59558,VRAI,0,FAUX,0,VRAI,1,19781,3100,6970,5811,3199,3326,2962,0,14409
93,Transport,85291,FAUX,13389,FAUX,0,VRAI,2,28954,6599,11235,6193,5911,3501,4825,1058,3626
94,Transport,73612,FAUX,29811,FAUX,0,FAUX,0,23251,5514,0,5724,5268,2144,5139,0,-3239
95,Education,88706,VRAI,0,VRAI,3352,FAUX,0,29878,0,0,7660,6411,3283,3308,4391,30423
96,Extractives,55282,VRAI,0,VRAI,8631,VRAI,1,18204,0,6385,5506,3234,1899,2166,0,9257
97,Extractives,36106,FAUX,22765,VRAI,12131,VRAI,1,9679,0,4890,2694,2073,1979,1526,0,-21631
98,Health,33321,VRAI,0,FAUX,0,VRAI,3,9190,2760,2749,2954,1796,1959,1422,431,10060
99,Transport,49472,VRAI,0,FAUX,0,FAUX,0,13194,2888,0,2564,3566,2303,2163,0,22794
100,Agriculture,60619,VRAI,0,VRAI,13573,VRAI,4,20832,0,3269,3401,3853,3476,2170,0,10045
101,Health,59124,VRAI,0,FAUX,0,VRAI,0,18559,5521,0,4300,3870,2338,3153,662,20721
102,Health,38647,FAUX,27275,FAUX,0,FAUX,0,12486,2234,0,2385,3049,1167,2051,0,-12000
103,Finance,88625,FAUX,13719,FAUX,0,FAUX,2,30406,7486,10426,5386,6183,3168,4658,3218,3975
104,Agriculture,56958,FAUX,17848,FAUX,0,FAUX,0,17469,4950,0,5349,3538,1884,3040,0,2880
105,Transport,55638,VRAI,0,FAUX,0,VRAI,5,17520,3695,6288,4478,3722,1959,2638,0,15338
106,Education,31059,VRAI,0,FAUX,0,VRAI,5,9688,2272,2732,2893,2036,1216,661,782,8779
107,Industry,51563,VRAI,0,VRAI,13582,FAUX,1,16580,0,5265,4698,3244,2880,1215,0,4099
108,Education,104814,VRAI,0,VRAI,7882,VRAI,4,32674,0,10723,8752,8163,4327,5140,4056,23097
109,Extractives,50828,VRAI,0,VRAI,6530,VRAI,3,13629,0,5210,4343,2704,2169,1668,0,14575
110,Construction,49600,VRAI,0,FAUX,0,VRAI,4,15383,4511,6865,3045,2795,2204,2011,0,12786
111,Industry,30699,VRAI,0,FAUX,0,VRAI,1,10159,2711,1994,2185,1675,902,1948,0,9125
112,Extractives,33853,VRAI,0,FAUX,0,VRAI,2,9248,2354,3705,2533,2695,861,1853,0,10604
113,Construction,51543,VRAI,0,VRAI,4241,VRAI,4,13295,0,3018,4881,2873,1697,1614,658,19266
114,Finance,30051,FAUX,13610,FAUX,0,VRAI,1,9556,1849,2875,1788,1549,1055,1146,0,-3377
115,Health,92007,VRAI,0,VRAI,13060,VRAI,0,24570,0,0,6484,5767,4864,1845,4531,30886
116,Construction,97211,FAUX,18555,VRAI,3285,VRAI,5,26801,0,12519,9063,6635,3915,2718,1429,12291
117,Finance,118945,VRAI,0,VRAI,5496,VRAI,3,33063,0,17156,11141,6524,6119,5796,0,33650
118,Extractives,52329,VRAI,0,FAUX,0,VRAI,1,17624,4725,6750,3413,2743,1890,1500,0,13684
119,Health,56127,FAUX,18984,VRAI,7259,VRAI,0,17434,0,0,4952,3100,2250,2241,1386,-1479
120,Finance,25963,VRAI,0,FAUX,0,VRAI,3,7300,1955,2439,1435,1797,743,1323,0,8971
121,Education,73828,FAUX,16488,VRAI,6850,FAUX,2,23588,0,10953,4574,4006,1835,2596,2782,156
122,Health,39083,FAUX,20340,FAUX,0,VRAI,3,12333,3611,4784,3502,2428,1804,1473,0,-11192
123,Construction,49956,VRAI,0,FAUX,0,VRAI,5,14893,2545,3795,4396,2703,2068,1536,981,17039
124,Industry,27385,VRAI,0,VRAI,11656,VRAI,3,8615,0,2736,1733,1491,687,1731,987,-2251
125,Transport,88380,VRAI,0,VRAI,9164,FAUX,0,30538,0,0,7896,5255,4200,3701,3856,23770
126,Commerce,48906,VRAI,0,VRAI,9869,VRAI,0,12552,0,0,3712,2665,2420,2230,0,15458
127,Commerce,36768,FAUX,13456,VRAI,11599,VRAI,0,12708,0,0,3194,2228,1171,1378,0,-8966
128,Education,117906,VRAI,0,VRAI,9493,FAUX,1,29723,0,6864,11601,6940,5985,6040,2149,39111
129,Health,31979,FAUX,22504,FAUX,0,VRAI,1,9025,1799,3115,1781,2065,1816,1472,0,-11598
130,Extractives,52232,VRAI,0,VRAI,9267,VRAI,1,17983,0,3868,2928,2921,2897,2731,2227,7410
131,Construction,70736,VRAI,0,FAUX,0,VRAI,5,20941,6514,8689,6282,4929,1916,3342,0,18123
132,Finance,53057,VRAI,0,FAUX,0,FAUX,2,15855,3052,4469,3749,3859,2638,2684,852,15899
133,Construction,46251,FAUX,13300,VRAI,11553,VRAI,0,14993,0,0,4350,2698,1283,2959,0,-4885
134,Industry,28967,FAUX,24042,VRAI,5159,FAUX,1,9698,0,3881,2654,1457,1447,1678,0,-21049
135,Construction,114341,FAUX,27508,VRAI,12596,VRAI,1,38718,0,12497,7955,7132,5468,2305,0,162
136,Health,35512,VRAI,0,VRAI,6586,VRAI,1,10871,0,3766,2847,2496,1853,1189,0,5904
137,Education,37693,FAUX,10541,FAUX,0,VRAI,3,11372,2714,2440,2503,2375,887,1169,0,3692
138,Transport,93787,VRAI,0,VRAI,4283,VRAI,2,29879,0,13984,8193,6771,5440,2827,0,22410
139,Finance,54082,VRAI,0,VRAI,9397,VRAI,5,16322,0,4319,5247,3124,2011,3441,0,10221
140,Health,27096,VRAI,0,FAUX,0,FAUX,1,6992,2341,2700,1946,1947,1371,757,0,9042
141,Health,38975,VRAI,0,VRAI,4431,VRAI,5,9885,0,3023,2485,2869,2299,1502,0,12481
142,Agriculture,30675,VRAI,0,FAUX,0,VRAI,1,10449,1747,3166,2164,1853,1717,646,0,8933
143,Construction,110601,FAUX,13959,VRAI,8432,VRAI,4,30487,0,12765,6625,7405,4264,7587,0,19077
144,Transport,31304,VRAI,0,VRAI,9633,VRAI,5,9582,0,3203,1744,2372,1531,731,0,2508
145,Finance,38253,VRAI,0,FAUX,0,VRAI,4,13180,3538,4471,2796,2385,1761,1808,1166,7148
146,Education,61727,FAUX,20800,VRAI,5324,VRAI,3,20102,0,6292,3718,4711,3406,3921,1731,-8278
147,Extractives,42113,VRAI,0,VRAI,13183,VRAI,1,12624,0,2549,3488,3144,1483,2475,0,3167
148,Commerce,58939,FAUX,20403,VRAI,10239,FAUX,2,15889,0,8233,4479,3738,2493,1668,0,-8203
149,Education,25282,VRAI,0,FAUX,0,VRAI,0,6404,1723,0,2190,1886,822,1515,0,10742
150,Transport,75149,VRAI,0,FAUX,0,VRAI,4,23806,6142,5004,7071,4721,1990,1550,0,24865
151,Health,28864,FAUX,10226,VRAI,3264,FAUX,1,7535,0,3635,2869,2223,1329,1030,1234,-4481
152,Industry,58099,FAUX,16450,VRAI,8433,VRAI,5,18812,0,7588,5355,3347,1234,3309,1312,-7741
153,Construction,70693,FAUX,13830,VRAI,13430,VRAI,1,21297,0,5692,4286,3605,2273,3722,0,2558
154,Construction,25392,FAUX,20449,FAUX,0,FAUX,2,7771,1410,2404,1854,1928,1063,990,0,-12477
155,Health,50096,VRAI,0,FAUX,0,FAUX,2,13162,4277,7378,4573,3555,2684,3461,0,11006
156,Construction,37920,VRAI,0,FAUX,0,VRAI,5,9935,2025,2894,1983,2541,1188,2321,722,14311
157,Transport,45827,VRAI,0,FAUX,0,FAUX,0,14175,4335,0,2716,2399,1355,2737,1526,16584
158,Finance,41492,VRAI,0,VRAI,12491,VRAI,3,10849,0,2464,3961,2907,2206,2653,0,3961
159,Construction,26447,VRAI,0,VRAI,3526,VRAI,1,7047,0,1773,2576,1675,1363,1374,0,7113
160,Education,51093,VRAI,0,VRAI,5394,FAUX,0,14147,0,0,3594,3921,1027,1123,0,21887
161,Commerce,106546,VRAI,0,FAUX,0,VRAI,0,33269,7829,0,7711,6843,4649,4991,0,41254
162,Commerce,29650,FAUX,25200,VRAI,3340,VRAI,5,8589,0,1614,1894,2208,930,1805,0,-15930
163,Construction,109334,FAUX,14492,FAUX,0,VRAI,2,28771,6968,9780,7772,6814,6155,6090,0,22492
164,Construction,25987,FAUX,14615,FAUX,0,VRAI,5,7166,1376,2868,2191,1388,918,1112,385,-6032
165,Extractives,25331,VRAI,0,VRAI,8889,VRAI,0,7970,0,0,2391,1721,1015,682,409,2254
166,Health,119845,VRAI,0,FAUX,0,VRAI,5,31664,6062,11050,7760,7739,5163,2658,3876,43873
167,Transport,67446,FAUX,17461,FAUX,0,VRAI,1,19585,3634,7031,6278,4566,1959,2644,0,4288
168,Transport,63134,VRAI,0,FAUX,0,VRAI,2,19578,5384,7502,4339,3472,2349,1712,0,18798
169,Health,30906,VRAI,0,FAUX,0,VRAI,2,8919,2768,3387,1701,2330,1274,1918,0,8609
170,Extractives,57438,FAUX,28284,FAUX,0,VRAI,2,17414,3261,3442,3471,4466,2100,2284,912,-8196
171,Industry,27169,VRAI,0,FAUX,0,VRAI,5,8430,2481,4031,1750,2141,966,1067,860,5443
172,Transport,27352,VRAI,0,VRAI,7916,FAUX,2,7812,0,3629,2337,1512,1102,1473,1182,389
173,Extractives,94395,VRAI,0,FAUX,0,VRAI,1,28213,6616,14101,8874,6485,4037,4817,2435,18817
174,Extractives,27660,VRAI,0,VRAI,9207,VRAI,1,8912,0,2858,2586,1491,1427,725,0,454
175,Agriculture,25882,VRAI,0,FAUX,0,VRAI,5,7994,1779,2033,1557,1885,917,1179,0,8538
176,Extractives,55309,VRAI,0,VRAI,8806,FAUX,2,19115,0,3874,3067,4182,2077,3448,0,10740
177,Agriculture,81826,VRAI,0,FAUX,0,VRAI,1,24358,6904,10004,6924,4421,2616,3104,0,23495
178,Commerce,118653,FAUX,22306,VRAI,5841,FAUX,2,29690,0,6456,7960,8185,2700,2406,0,33109
179,Extractives,28747,FAUX,25038,VRAI,14528,FAUX,1,8358,0,2607,1532,1738,702,1736,0,-27492
180,Education,45242,FAUX,15185,VRAI,13614,FAUX,1,11537,0,2591,3173,2662,1325,1540,0,-6385
181,Commerce,45686,FAUX,12780,FAUX,0,FAUX,0,14347,4520,0,3662,2774,2097,1194,0,4312
182,Health,114727,VRAI,0,FAUX,0,VRAI,1,36872,10454,14959,8905,7526,2950,6742,3426,22893
183,Finance,44945,FAUX,25998,VRAI,10758,VRAI,0,13533,0,0,2352,2619,2169,1039,0,-13523
184,Agriculture,31468,FAUX,15276,FAUX,0,FAUX,2,8717,2899,2559,2814,2415,1175,2061,1528,-7976
185,Extractives,33662,VRAI,0,VRAI,13202,FAUX,2,8430,0,2245,2883,2356,1974,1954,0,618
186,Transport,69821,VRAI,0,VRAI,8842,VRAI,1,18187,0,6972,4835,5304,2725,1783,0,21173
187,Transport,69083,FAUX,23324,VRAI,11588,VRAI,1,18735,0,7995,5085,5278,1977,3722,0,-8621
188,Transport,58135,FAUX,24609,FAUX,0,FAUX,0,18499,4267,0,4590,3055,1262,3101,0,-1248
189,Industry,42100,FAUX,29557,VRAI,13197,FAUX,1,12266,0,4179,2956,2775,1844,862,0,-25536
190,Agriculture,52096,VRAI,0,FAUX,0,FAUX,1,17489,4103,3002,3601,3179,1420,2176,1233,15893
191,Construction,111955,FAUX,16155,VRAI,9516,VRAI,3,37472,0,5861,10627,8228,5733,4802,2476,11085
192,Transport,62204,VRAI,0,VRAI,4102,VRAI,3,15910,0,9068,6042,4575,3710,2937,0,15860
193,Transport,49744,VRAI,0,VRAI,13601,FAUX,0,16322,0,0,3925,2706,2608,2576,1838,6168
194,Extractives,93840,FAUX,10215,FAUX,0,VRAI,0,29934,7929,0,9058,6092,2741,2085,0,25786
195,Finance,54350,VRAI,0,FAUX,0,FAUX,1,15080,4910,5215,4202,3423,1182,1537,0,18801
196,Extractives,32888,FAUX,24385,FAUX,0,VRAI,5,8580,2691,3282,2313,2584,1345,1018,0,-13310
197,Education,46102,VRAI,0,FAUX,0,FAUX,2,14900,3123,5524,3216,3623,2705,1827,0,11184
198,Health,52782,VRAI,0,VRAI,6667,VRAI,5,17709,0,5822,4843,3881,1851,2512,0,9497
199,Commerce,27217,VRAI,0,FAUX,0,FAUX,2,7495,1695,2457,2578,1361,1525,753,0,9353
200,Education,42176,VRAI,0,FAUX,0,VRAI,3,10926,2177,2352,3045,2457,1892,2936,1389,15002
201,Health,59392,VRAI,0,VRAI,6699,VRAI,2,16159,0,3200,3076,3281,3247,2026,0,21704
202,Commerce,38234,VRAI,0,VRAI,13642,VRAI,1,12971,0,3515,3403,2458,1525,1155,0,-435
203,Education,37399,FAUX,21757,VRAI,3270,FAUX,0,10880,0,0,3386,2807,1244,2045,0,-7990
204,Health,56673,FAUX,16614,VRAI,9771,VRAI,4,16388,0,5931,4341,3837,1272,2159,0,-3640
205,Construction,79540,VRAI,0,VRAI,8810,VRAI,3,27575,0,5761,6613,5747,4290,3271,1830,15643
206,Education,25205,VRAI,0,VRAI,10214,FAUX,2,6856,0,3182,1943,1373,887,1026,0,-276
207,Finance,91486,VRAI,0,VRAI,6551,VRAI,0,26180,0,0,8916,6309,2305,4391,0,36834
208,Transport,62610,VRAI,0,FAUX,0,FAUX,2,20124,4575,8896,5304,4499,3410,2110,0,13692
209,Transport,30260,VRAI,0,FAUX,0,VRAI,0,9686,2613,0,2363,2372,1205,1180,1254,9587
210,Extractives,44946,FAUX,13490,VRAI,14065,VRAI,1,13203,0,3303,3831,3349,1881,3072,1357,-12605
211,Agriculture,93767,VRAI,0,FAUX,0,VRAI,3,25567,8811,12272,7863,6446,3062,5702,0,24044
212,Commerce,101334,VRAI,0,FAUX,0,FAUX,1,27841,5891,6960,5166,6254,2802,4112,0,42308
213,Transport,31043,VRAI,0,VRAI,6104,VRAI,0,9888,0,0,2068,1604,1085,2086,0,8208
214,Construction,55950,VRAI,0,FAUX,0,FAUX,0,14554,3574,0,3570,3522,3313,1307,0,26110
215,Finance,25517,VRAI,0,FAUX,0,VRAI,1,8177,1815,2160,1783,1478,719,1126,548,7711
216,Agriculture,44117,VRAI,0,FAUX,0,VRAI,5,11330,3155,5275,3216,2327,1858,2297,0,14659
217,Transport,52768,FAUX,23032,FAUX,0,VRAI,1,17762,5136,3197,3046,4133,2609,3385,1767,-11299
218,Transport,48475,FAUX,14396,FAUX,0,VRAI,3,16673,2958,5941,3919,3499,1385,2581,0,-2877
219,Agriculture,72977,VRAI,0,FAUX,0,FAUX,2,20132,5233,8928,3681,4939,3249,3786,2814,20215
220,Extractives,103764,FAUX,15119,VRAI,9136,VRAI,2,28509,0,5836,7569,7469,4593,5566,4986,14981
221,Finance,44370,VRAI,0,VRAI,14949,VRAI,5,14388,0,5492,3375,2309,1546,2930,0,-619
222,Construction,30488,FAUX,29296,FAUX,0,VRAI,2,9007,2485,2281,2599,1915,1149,1599,0,-19843
223,Finance,56446,VRAI,0,VRAI,10352,VRAI,5,16948,0,3139,4208,4392,1366,3286,0,12755
224,Transport,41637,VRAI,0,VRAI,3644,FAUX,0,13518,0,0,3581,3114,1575,2510,1956,11739
225,Commerce,81225,VRAI,0,VRAI,14582,VRAI,0,27032,0,0,4938,6033,4179,4192,1694,18575
226,Extractives,34428,FAUX,27413,FAUX,0,VRAI,5,10402,3089,4766,2314,2198,1259,711,976,-18700
227,Health,110799,VRAI,0,VRAI,6687,FAUX,0,35814,0,0,8392,6076,2586,2321,5056,43867
228,Education,51171,VRAI,0,VRAI,10178,VRAI,5,14162,0,4276,4475,3436,3042,2084,0,9518
229,Education,27242,FAUX,15097,VRAI,12137,VRAI,4,9181,0,3082,2087,1456,1204,704,428,-18134
230,Extractives,55810,VRAI,0,FAUX,0,VRAI,0,17364,5182,0,4669,3473,3093,1735,0,20294
231,Agriculture,31811,FAUX,10504,FAUX,0,VRAI,3,9014,2849,3026,1882,2406,1759,1377,811,-1817
232,Education,58991,VRAI,0,VRAI,5565,VRAI,0,19131,0,0,5450,3915,3496,2508,0,18926
233,Health,52508,VRAI,0,VRAI,3002,VRAI,2,16837,0,4591,3595,2696,1785,3489,2271,14242
234,Transport,39683,FAUX,27889,FAUX,0,VRAI,0,12226,2829,0,3071,2604,1349,2137,0,-12422
235,Industry,114482,FAUX,29996,VRAI,6163,VRAI,3,33093,0,7540,7202,7803,4273,6721,0,11691
236,Agriculture,28645,VRAI,0,VRAI,6340,FAUX,2,7692,0,3150,2666,2178,1402,1641,0,3576
237,Finance,46539,VRAI,0,VRAI,10485,FAUX,1,14856,0,3555,4512,3215,1534,1557,1758,5067
238,Health,36142,VRAI,0,FAUX,0,FAUX,2,12589,3228,4603,3158,1970,1036,1561,961,7036
239,Industry,79259,VRAI,0,FAUX,0,VRAI,5,26853,5252,11103,7910,5925,4263,2571,0,15382
240,Health,49867,VRAI,0,FAUX,0,FAUX,1,12495,3654,5341,3251,2969,2914,3220,0,16023
241,Industry,42850,VRAI,0,VRAI,3919,VRAI,3,10879,0,5729,3469,2866,1927,2709,0,11352
242,Health,34788,FAUX,18210,VRAI,3572,VRAI,3,10678,0,4760,2398,2127,1556,1796,0,-10309
243,Finance,39211,FAUX,12217,FAUX,0,VRAI,2,13524,3593,3381,3653,2090,2235,2022,1402,-4906
244,Transport,38493,VRAI,0,VRAI,9982,VRAI,3,9786,0,4156,2796,3020,863,2089,648,5153
245,Commerce,61141,FAUX,24501,FAUX,0,VRAI,5,20675,4843,8154,5021,3201,3033,1512,0,-9799
246,Commerce,32129,VRAI,0,FAUX,0,FAUX,1,10149,1945,4379,3029,1795,1590,1102,0,8140
247,Education,111411,VRAI,0,FAUX,0,VRAI,0,33033,10290,0,5918,6691,2526,7661,0,45292
248,Education,41546,FAUX,27478,VRAI,11954,VRAI,5,14301,0,2388,2988,2737,2468,1175,429,-24372
249,Commerce,115178,VRAI,0,VRAI,3861,VRAI,1,31748,0,9851,9640,5975,3273,6962,2730,41138
250,Commerce,72158,VRAI,0,VRAI,10542,FAUX,1,23839,0,4597,5703,4702,1859,3694,2129,15093
251,Extractives,28318,FAUX,17657,FAUX,0,VRAI,1,8377,2442,3042,2360,2076,1542,1010,0,-10188
252,Extractives,95871,FAUX,17124,VRAI,3446,VRAI,5,32003,0,8258,8915,5963,3176,4093,0,12893
253,Commerce,41932,FAUX,12032,VRAI,8074,FAUX,1,14129,0,3785,4130,3269,2082,1424,1852,-8845
254,Education,32579,VRAI,0,VRAI,3719,VRAI,4,10023,0,3449,2233,2396,981,2180,0,7598
255,Industry,32869,FAUX,14820,FAUX,0,VRAI,5,10687,2668,3616,1731,2014,962,1093,0,-4722
256,Extractives,28129,VRAI,0,FAUX,0,FAUX,2,7702,2684,2723,2062,2048,736,1247,0,8927
257,Construction,37300,FAUX,11756,FAUX,0,VRAI,2,9438,2246,3134,2817,2553,2104,1696,0,1556
258,Health,116221,VRAI,0,VRAI,4717,FAUX,2,37815,0,8315,7763,7434,5919,7641,5450,31167
259,Commerce,28113,VRAI,0,FAUX,0,VRAI,0,7620,2187,0,2609,2109,1605,1076,1123,9784
260,Agriculture,98599,FAUX,23682,VRAI,12008,VRAI,1,31234,0,14131,6238,6738,4647,3537,0,-3616
261,Industry,116690,VRAI,0,VRAI,9320,VRAI,1,34489,0,13747,9002,7048,4367,6969,1830,29918
262,Extractives,61961,VRAI,0,FAUX,0,FAUX,1,21244,3289,3670,3602,4204,1612,4238,0,20102
263,Education,41273,VRAI,0,VRAI,4096,FAUX,1,11049,0,3278,2300,3229,2120,1779,0,13422
264,Finance,58782,VRAI,0,FAUX,0,VRAI,0,17282,5083,0,5702,4003,3205,3593,1730,18184
265,Health,57358,VRAI,0,VRAI,12080,VRAI,5,19515,0,4840,4970,4001,3284,3501,0,5167
266,Education,116561,VRAI,0,FAUX,0,VRAI,2,38476,6436,12551,8532,6243,6903,3582,3939,29899
267,Commerce,39011,FAUX,15898,FAUX,0,VRAI,1,12832,3409,4140,2430,2446,2018,842,0,-5004
268,Finance,106326,VRAI,0,VRAI,3896,VRAI,4,33109,0,8004,8387,6462,5629,6489,0,34350
269,Commerce,31845,FAUX,14624,FAUX,0,VRAI,5,9447,2359,4270,1944,1956,1666,1948,903,-7272
270,Commerce,35914,VRAI,0,FAUX,0,VRAI,0,11139,3478,0,2355,2064,1658,1830,1692,11698
271,Construction,54719,VRAI,0,FAUX,0,FAUX,2,17300,2946,4676,4242,3397,2919,3323,0,15916
272,Construction,39698,FAUX,12402,VRAI,14404,VRAI,5,11028,0,2846,2556,2647,840,2594,746,-10365
273,Finance,38598,VRAI,0,VRAI,6854,FAUX,0,10857,0,0,3544,1988,1489,1504,827,11535
274,Agriculture,45316,FAUX,26806,FAUX,0,FAUX,0,14311,2284,0,4402,2588,1101,2646,0,-8822
275,Finance,57831,VRAI,0,VRAI,12417,VRAI,2,17692,0,7682,4952,4100,1906,1832,2561,4689
276,Education,47701,VRAI,0,VRAI,5806,VRAI,2,15646,0,7143,2840,3042,1776,1680,602,9166
277,Industry,27931,VRAI,0,VRAI,5971,VRAI,0,9209,0,0,2407,1975,939,1682,457,5291
278,Education,45578,VRAI,0,FAUX,0,FAUX,2,12600,2916,3544,2360,3546,1301,1868,2019,15424
279,Agriculture,73675,VRAI,0,VRAI,5345,VRAI,4,22590,0,3729,3911,4867,3141,4241,2249,23602
280,Commerce,105947,VRAI,0,FAUX,0,FAUX,0,29851,6671,0,5761,5583,2937,2386,0,52758
281,Construction,31543,VRAI,0,FAUX,0,FAUX,0,9280,2104,0,2199,2078,834,1532,0,13516
282,Construction,84860,VRAI,0,VRAI,12379,VRAI,1,21695,0,4537,5905,6017,2353,4419,3856,23699
283,Health,105896,VRAI,0,VRAI,9382,FAUX,0,32251,0,0,5853,5438,4898,4951,1206,41917
284,Transport,53918,FAUX,11170,VRAI,12374,VRAI,0,16213,0,0,4415,4289,2734,2249,0,474
285,Commerce,45983,FAUX,24758,FAUX,0,VRAI,0,12089,2528,0,3685,3021,1386,2002,0,-3486
286,Industry,31761,FAUX,26131,VRAI,9553,VRAI,1,10080,0,4277,2103,2232,1390,1593,0,-25598
287,Health,43867,FAUX,14873,FAUX,0,VRAI,4,13866,3623,3294,3619,2472,1091,2415,2187,-3573
288,Transport,55681,VRAI,0,VRAI,4881,VRAI,0,15360,0,0,2861,3838,2063,2639,1215,22824
289,Transport,65197,VRAI,0,FAUX,0,VRAI,3,19975,4890,3712,3552,4435,2193,4294,0,22146
290,Health,53731,FAUX,20878,FAUX,0,FAUX,0,15087,4936,0,4337,3623,1619,3106,2523,-2378
291,Commerce,30874,VRAI,0,VRAI,13635,VRAI,4,10303,0,1936,1738,2297,1758,1328,0,-2121
292,Health,31998,FAUX,12253,VRAI,3864,VRAI,2,9140,0,2414,1620,2118,1729,2172,0,-3312
293,Agriculture,34726,VRAI,0,VRAI,7932,VRAI,0,10035,0,0,2569,1880,807,2135,0,9368
294,Agriculture,90425,VRAI,0,FAUX,0,VRAI,1,26914,5960,8943,8407,6128,4321,3457,0,26295
295,Health,26644,VRAI,0,FAUX,0,VRAI,2,8606,2157,1829,1366,1559,1005,1354,0,8768
296,Commerce,62035,VRAI,0,FAUX,0,VRAI,2,17232,5494,7145,5683,4917,2417,1447,1354,16346
297,Agriculture,79041,VRAI,0,FAUX,0,VRAI,5,24921,4560,11674,6105,4273,4406,1875,0,21227
298,Agriculture,39189,VRAI,0,FAUX,0,VRAI,4,11034,2070,4963,3335,2349,1842,1559,0,12037
299,Agriculture,54312,VRAI,0,VRAI,10707,VRAI,0,15630,0,0,2884,3268,2185,1525,0,18113
300,Education,38007,VRAI,0,FAUX,0,FAUX,1,12858,2688,3372,3153,2404,1745,876,0,10911
301,Construction,50064,FAUX,27576,VRAI,4464,VRAI,4,13072,0,6849,3247,2747,2354,1096,0,-11341
302,Health,50310,VRAI,0,FAUX,0,VRAI,4,13856,3258,5181,4221,3410,1304,1439,0,17641
303,Health,80900,VRAI,0,FAUX,0,FAUX,2,24290,4857,6593,7246,6267,2782,2859,3004,23002
304,Construction,65209,VRAI,0,FAUX,0,VRAI,5,19363,4638,9752,3294,5011,1693,3866,0,17592
305,Transport,77653,VRAI,0,FAUX,0,VRAI,5,22143,6252,4069,4334,4178,2140,3336,0,31201
306,Extractives,55966,FAUX,14675,VRAI,14459,VRAI,4,14372,0,4019,5415,3580,2116,1160,2498,-6328
307,Education,102614,VRAI,0,VRAI,14925,VRAI,4,33490,0,10501,6294,7182,2381,4319,1783,21739
308,Education,36781,VRAI,0,FAUX,0,FAUX,2,10603,3382,2373,2769,1907,840,1790,0,13117
309,Industry,26016,FAUX,19030,VRAI,6496,FAUX,0,8183,0,0,1360,2039,1396,906,436,-13830
310,Transport,33611,VRAI,0,FAUX,0,VRAI,2,8560,3240,1986,2161,2358,900,765,1365,12276
311,Commerce,37755,VRAI,0,VRAI,8089,VRAI,1,11701,0,4638,2483,2333,1112,938,1581,4880
312,Construction,44270,FAUX,26878,VRAI,14374,VRAI,2,14802,0,3651,3734,3490,2178,1969,0,-26806
313,Construction,66869,VRAI,0,FAUX,0,VRAI,3,19525,5277,8911,6032,5081,1496,3651,1780,15116
314,Construction,49211,FAUX,16671,FAUX,0,FAUX,0,12957,2851,0,4796,3759,2769,3423,1191,794
315,Construction,61375,VRAI,0,FAUX,0,VRAI,0,19369,3678,0,4035,3482,1397,3766,1775,23873
316,Agriculture,102330,FAUX,12156,VRAI,5580,FAUX,0,30578,0,0,5797,5918,3762,5112,0,33427
317,Finance,33488,VRAI,0,VRAI,5597,VRAI,2,10330,0,4827,1966,2148,792,1717,0,6111
318,Commerce,39060,VRAI,0,FAUX,0,VRAI,0,13130,3080,0,3692,2652,2046,1620,0,12840
319,Transport,102624,VRAI,0,VRAI,4871,VRAI,1,28800,0,10828,8148,6444,4578,2471,1731,34753
320,Transport,44476,FAUX,10515,FAUX,0,VRAI,0,12424,2815,0,2963,2967,2147,2362,0,8283
321,Finance,96444,FAUX,15033,FAUX,0,VRAI,0,32595,5059,0,5936,7418,2917,2992,4278,20216
322,Industry,38385,FAUX,24643,FAUX,0,VRAI,3,10401,3793,4397,3712,2268,1968,2237,0,-15034
323,Health,42795,VRAI,0,VRAI,6084,VRAI,3,11583,0,4298,2807,2688,1960,2450,1121,9804
324,Commerce,63432,VRAI,0,FAUX,0,FAUX,2,16766,5257,7241,3252,4671,3560,2116,0,20569
325,Health,41577,VRAI,0,FAUX,0,FAUX,1,13573,2383,4949,4043,2930,1383,1872,0,10444
326,Education,47037,VRAI,0,FAUX,0,FAUX,1,13854,2550,5562,2905,3683,2579,1621,0,14283
327,Transport,86220,FAUX,26574,VRAI,11181,VRAI,2,27058,0,6959,8017,6792,2475,2104,3692,-8632
328,Industry,48881,VRAI,0,FAUX,0,VRAI,0,14473,4469,0,4471,3484,1183,3027,0,17774
329,Extractives,27939,FAUX,24998,FAUX,0,VRAI,1,7116,2740,3294,2278,1623,836,1874,1146,-17966
330,Health,38040,VRAI,0,VRAI,7174,VRAI,0,10162,0,0,2220,2429,811,992,0,14252
331,Commerce,55706,VRAI,0,VRAI,14831,VRAI,3,16278,0,7158,3330,4156,2559,2281,0,5113
332,Construction,44225,FAUX,16054,VRAI,13832,FAUX,0,12204,0,0,2214,2710,1894,1943,0,-6626
333,Transport,42659,VRAI,0,VRAI,5721,VRAI,5,13791,0,5870,3674,2429,2057,1509,551,7057
334,Extractives,119675,VRAI,0,FAUX,0,FAUX,1,32703,6305,8256,6216,7390,6234,4435,0,48136
335,Extractives,106158,FAUX,21445,VRAI,5809,VRAI,3,37036,0,10437,10546,7711,3178,4980,0,5016
336,Industry,42521,VRAI,0,VRAI,4867,FAUX,2,10707,0,5970,2272,3391,2468,1141,0,11705
337,Education,97845,VRAI,0,VRAI,11802,VRAI,4,33031,0,13750,7303,5861,2374,6621,2143,14960
338,Agriculture,29493,FAUX,11230,FAUX,0,VRAI,2,8335,1505,3718,1537,2239,729,843,0,-643
339,Industry,34743,VRAI,0,FAUX,0,VRAI,3,11359,3361,4895,3160,2662,971,1188,871,6276
340,Construction,42706,FAUX,27488,FAUX,0,FAUX,0,13433,2467,0,3303,2247,1498,1737,895,-10362
341,Extractives,99886,FAUX,15338,FAUX,0,VRAI,1,26057,9894,8806,8866,6020,4505,2956,4746,12698
342,Construction,70754,FAUX,20833,FAUX,0,FAUX,0,19908,5786,0,4796,3852,3103,4296,1081,7099
343,Education,53502,FAUX,24130,FAUX,0,VRAI,0,16190,4706,0,4581,2985,2078,2334,1642,-5144
344,Transport,32382,VRAI,0,VRAI,3992,FAUX,0,10070,0,0,2008,1994,752,885,440,12241
345,Transport,28201,VRAI,0,VRAI,10127,VRAI,0,7364,0,0,2214,1902,1370,902,0,4322
346,Commerce,33777,VRAI,0,VRAI,3495,VRAI,4,9551,0,2945,2972,2032,1961,1921,0,8900
347,Transport,71468,VRAI,0,VRAI,3996,FAUX,1,24436,0,6602,4795,5635,2701,3176,3314,16813
348,Extractives,39923,FAUX,15994,FAUX,0,FAUX,0,12381,2673,0,3083,2045,1987,1688,499,-427
349,Commerce,43228,VRAI,0,FAUX,0,VRAI,0,11754,2405,0,3450,2789,911,1686,1351,18882
350,Finance,56781,FAUX,15680,FAUX,0,VRAI,4,17705,4771,6624,4289,3569,1257,1198,1325,363
351,Finance,39931,FAUX,16701,FAUX,0,FAUX,1,13399,2831,3232,3866,2614,1592,1154,1744,-7202
352,Industry,59506,VRAI,0,FAUX,0,VRAI,3,20051,3237,7597,5497,3299,2214,1682,0,15929
353,Transport,28342,VRAI,0,VRAI,7500,FAUX,0,8671,0,0,2632,1984,1060,1917,0,4578
354,Construction,43309,VRAI,0,FAUX,0,VRAI,2,12138,3318,4609,3465,2381,1524,2202,0,13672
355,Education,25641,VRAI,0,FAUX,0,VRAI,4,8119,2081,2826,1909,1688,855,1178,1082,5903
356,Agriculture,39065,VRAI,0,FAUX,0,VRAI,3,13370,2934,3234,3393,1996,1523,1438,0,11177
357,Agriculture,58064,FAUX,25653,VRAI,11084,VRAI,4,16149,0,5560,4283,4267,2903,2487,0,-14322
358,Transport,47347,VRAI,0,FAUX,0,VRAI,1,13741,3373,4180,4069,3145,2734,1540,1218,13347
359,Education,89553,VRAI,0,FAUX,0,VRAI,4,30311,5513,8097,8925,6811,3813,4104,2748,19231
360,Education,46353,VRAI,0,VRAI,12494,VRAI,0,12031,0,0,3289,2475,1245,2195,581,12043
361,Education,115385,VRAI,0,VRAI,6326,VRAI,2,37424,0,11917,10734,8174,2356,4581,0,33873
362,Commerce,101213,FAUX,21022,FAUX,0,VRAI,1,32582,6434,8261,9336,6506,4735,4060,3544,4733
363,Agriculture,35816,VRAI,0,FAUX,0,FAUX,2,10122,2629,2320,3554,2015,903,1080,0,13193
364,Industry,73161,VRAI,0,VRAI,7452,VRAI,0,18924,0,0,5627,5662,2598,4497,3468,24933
365,Construction,27665,VRAI,0,FAUX,0,VRAI,5,7678,1842,3322,2441,2154,779,1657,0,7792
366,Education,29277,VRAI,0,VRAI,13243,FAUX,0,8505,0,0,1813,2016,1335,1830,0,535
367,Transport,52278,VRAI,0,FAUX,0,VRAI,4,14337,3376,7446,3216,3067,1817,2780,2517,13722
368,Agriculture,100870,VRAI,0,VRAI,12110,VRAI,0,28065,0,0,7995,5819,5785,2678,0,38418
369,Commerce,62607,VRAI,0,FAUX,0,FAUX,1,19295,5627,8541,4560,4022,2218,4278,0,14066
370,Finance,45755,VRAI,0,FAUX,0,VRAI,3,12372,4178,4839,2412,3621,1853,1580,0,14900
371,Education,33605,FAUX,10867,FAUX,0,FAUX,2,8433,1806,2943,3058,1687,1286,1225,941,1359
372,Agriculture,48154,FAUX,29122,FAUX,0,VRAI,0,13395,2851,0,2502,2439,2454,1286,0,-5895
373,Commerce,38989,VRAI,0,VRAI,8111,FAUX,0,12835,0,0,3872,2242,1574,2551,0,7804
374,Industry,117435,FAUX,19174,VRAI,13725,VRAI,3,32444,0,11417,7776,9226,6217,6511,0,10945
375,Industry,47394,VRAI,0,VRAI,7332,VRAI,3,13348,0,2781,3088,3743,2738,1741,0,12623
376,Transport,77232,FAUX,20514,FAUX,0,VRAI,1,26728,5937,3971,4856,4904,3685,4375,0,2262
377,Agriculture,27810,VRAI,0,FAUX,0,VRAI,3,9670,2577,2776,2229,1580,1161,1522,0,6295
378,Education,33971,VRAI,0,FAUX,0,FAUX,2,9798,2287,3165,3026,2191,1758,1658,1440,8648
379,Industry,35672,FAUX,27929,VRAI,4850,VRAI,3,10747,0,4797,1925,2540,1647,2269,998,-22030
380,Finance,76198,VRAI,0,VRAI,9654,VRAI,0,20908,0,0,7493,6000,2278,2850,0,27015
381,Finance,31378,VRAI,0,VRAI,7911,FAUX,1,8178,0,4147,1786,2272,687,2115,0,4282
382,Agriculture,46523,FAUX,24993,FAUX,0,VRAI,3,16205,2888,5495,3991,3173,1095,2504,1574,-15395
383,Education,48061,VRAI,0,FAUX,0,FAUX,0,14227,2925,0,2724,3777,1100,1439,1672,20197
384,Health,59593,VRAI,0,VRAI,10890,VRAI,1,14942,0,6013,3394,4528,3269,2438,0,14119
385,Commerce,25687,VRAI,0,VRAI,9763,VRAI,4,8626,0,3454,1746,1813,835,591,0,-1141
386,Health,33257,VRAI,0,FAUX,0,FAUX,2,8770,3096,4376,3298,2570,1798,752,1089,7508
387,Commerce,30065,VRAI,0,FAUX,0,VRAI,4,7522,1895,3061,2588,1660,1258,1675,0,10406
388,Construction,113228,VRAI,0,VRAI,9559,VRAI,1,31229,0,10915,6415,8812,6194,6270,4646,29188
389,Agriculture,58259,VRAI,0,FAUX,0,FAUX,0,19020,3686,0,5263,3353,3084,1413,0,22440
390,Finance,84662,VRAI,0,VRAI,3162,VRAI,1,25637,0,8189,4684,5882,4632,5199,0,27277
391,Construction,106505,FAUX,29642,VRAI,7566,FAUX,0,35519,0,0,9108,5684,5265,3595,0,10126
392,Construction,89443,VRAI,0,FAUX,0,VRAI,2,22581,7587,10959,8212,7086,5279,2080,0,25659
393,Extractives,42658,VRAI,0,VRAI,5944,FAUX,1,13174,0,3040,2339,2215,1864,2612,0,11470
394,Agriculture,55774,FAUX,25011,FAUX,0,VRAI,5,19040,5524,6479,5066,4042,2676,1971,1323,-15358
395,Extractives,63727,VRAI,0,FAUX,0,FAUX,2,19079,5956,7881,4782,4281,1624,4262,1774,14088
396,Agriculture,107636,VRAI,0,FAUX,0,VRAI,3,32441,8641,12183,8218,7262,5096,6205,0,27590
397,Agriculture,33740,VRAI,0,FAUX,0,FAUX,1,8600,2653,4451,2238,2040,1479,1137,1329,9813
398,Commerce,60726,FAUX,16697,VRAI,3282,VRAI,1,19287,0,8250,5959,4181,1661,1535,0,-126
399,Agriculture,25564,FAUX,23393,FAUX,0,VRAI,4,7662,2492,2044,1302,1609,545,1730,1062,-16275
400,Commerce,65077,FAUX,18089,VRAI,13775,VRAI,2,22621,0,4700,3930,4725,1961,4213,0,-8937
401,Extractives,57987,VRAI,0,VRAI,5441,VRAI,1,16206,0,4955,4536,3338,3282,1930,0,18299
402,Finance,38288,FAUX,22191,FAUX,0,VRAI,3,10300,2911,3710,2050,2854,1279,1865,0,-8872
403,Extractives,106719,VRAI,0,VRAI,4132,VRAI,4,32495,0,6262,6599,5863,2666,4086,1999,42617
404,Construction,61308,VRAI,0,VRAI,10503,VRAI,2,20430,0,9144,3566,4337,2879,4230,0,6219
405,Education,70195,VRAI,0,VRAI,10396,FAUX,0,20568,0,0,5046,4163,3543,4689,0,21790
406,Industry,38100,VRAI,0,FAUX,0,VRAI,1,10546,3642,4317,3278,2198,1858,815,1336,10110
407,Extractives,32339,FAUX,10074,FAUX,0,VRAI,5,8647,1691,3491,3092,1789,655,1949,858,93
408,Health,28876,VRAI,0,FAUX,0,VRAI,4,10041,2836,1916,1876,1530,891,1755,390,7641
409,Finance,41560,FAUX,25078,FAUX,0,FAUX,0,10467,2376,0,3445,2985,2138,1337,1218,-7484
410,Commerce,59838,VRAI,0,FAUX,0,VRAI,5,18443,3889,3197,4891,4533,2021,2364,0,20500
411,Health,37737,VRAI,0,FAUX,0,VRAI,3,9787,1918,5183,2333,2126,1865,1358,0,13167
412,Transport,32282,FAUX,19490,VRAI,9862,VRAI,2,8098,0,1678,2560,2055,1314,657,0,-13432
413,Extractives,33146,FAUX,17776,VRAI,7886,VRAI,3,9452,0,3116,1772,2232,1455,1887,1049,-13479
414,Finance,34969,VRAI,0,FAUX,0,FAUX,0,10421,2597,0,2737,2710,1819,1488,0,13197
415,Transport,110247,FAUX,11782,VRAI,6257,FAUX,1,32668,0,10879,10665,7619,6167,4721,5203,14286
416,Transport,34609,FAUX,26634,VRAI,6123,VRAI,4,11883,0,4958,1947,2127,731,2172,1219,-23185
417,Education,79665,FAUX,23683,FAUX,0,FAUX,0,25632,7077,0,6665,5451,4437,1906,1587,3227
418,Agriculture,93123,FAUX,10028,VRAI,4013,VRAI,1,31895,0,8065,5138,6618,2977,3114,0,21275
419,Education,100167,VRAI,0,VRAI,12549,FAUX,0,26259,0,0,8179,7709,4502,2674,4384,33911
420,Agriculture,63071,VRAI,0,VRAI,4040,FAUX,1,21674,0,8360,5648,3533,3292,3942,3033,9549
421,Extractives,97825,VRAI,0,FAUX,0,VRAI,4,34071,7515,9808,6152,6949,2012,2198,0,29120
422,Industry,42739,VRAI,0,VRAI,10422,FAUX,1,11221,0,5408,2586,2551,2255,2001,0,6295
423,Transport,81304,FAUX,16475,FAUX,0,VRAI,4,20580,4550,9124,7863,4568,4016,5148,0,8980
424,Health,40331,VRAI,0,VRAI,8720,VRAI,5,11142,0,5544,2276,2887,969,2063,1676,5054
425,Industry,37501,VRAI,0,FAUX,0,FAUX,1,12625,2988,2351,2676,2056,1800,2172,1134,9699
426,Industry,33592,VRAI,0,VRAI,5233,VRAI,3,10361,0,4356,2252,2491,1126,764,0,7009
427,Extractives,26951,VRAI,0,FAUX,0,VRAI,2,8367,2058,2849,2665,1972,653,1587,751,6049
428,Construction,34487,FAUX,20255,FAUX,0,VRAI,0,10940,2291,0,2203,1915,1376,1165,0,-5658
429,Industry,29924,VRAI,0,VRAI,10734,VRAI,5,10225,0,3242,2188,2230,1416,873,0,-984
430,Commerce,83866,FAUX,29049,VRAI,14683,VRAI,4,25858,0,10355,5541,4280,2104,5512,0,-13516
431,Commerce,69107,FAUX,15021,VRAI,5914,VRAI,2,22821,0,8892,5216,4077,1800,2365,2781,220
432,Finance,55153,VRAI,0,FAUX,0,VRAI,3,15782,3056,7588,4917,3035,2233,2447,0,16095
433,Education,101894,VRAI,0,VRAI,3294,VRAI,1,32843,0,6481,9354,5567,3265,3306,2056,35728
434,Commerce,52388,FAUX,23969,VRAI,11434,VRAI,0,17478,0,0,3960,3447,2224,1495,1191,-12810
435,Extractives,98367,VRAI,0,FAUX,0,VRAI,0,24746,6689,0,5360,5676,2331,2463,4917,46185
436,Agriculture,118101,VRAI,0,FAUX,0,VRAI,2,30381,10057,10658,11337,8208,2789,7959,2774,33938
437,Commerce,48809,FAUX,16452,VRAI,10642,FAUX,0,16122,0,0,2814,2977,1705,1345,0,-3248
438,Commerce,116411,FAUX,24182,VRAI,12677,VRAI,5,40580,0,14908,8091,7841,6571,5553,2927,-6919
439,Commerce,60834,VRAI,0,FAUX,0,VRAI,1,18518,5294,7646,4887,3346,3157,3407,1736,12843
440,Commerce,81577,VRAI,0,FAUX,0,VRAI,4,25885,8119,11280,6008,5350,2253,3516,0,19166
441,Agriculture,51882,VRAI,0,FAUX,0,FAUX,1,17787,2764,5444,4126,3610,1568,1983,0,14600
442,Commerce,109900,VRAI,0,FAUX,0,FAUX,0,32359,6273,0,6058,7260,2572,3862,0,51516
443,Construction,54772,FAUX,28161,FAUX,0,VRAI,5,17661,3591,7026,3950,3535,2799,2142,0,-14093
444,Commerce,110721,VRAI,0,FAUX,0,VRAI,5,35106,7027,8608,10703,7939,4770,5800,3844,26924
445,Extractives,34491,VRAI,0,VRAI,14785,VRAI,0,10032,0,0,2529,1779,741,1926,0,2699
446,Industry,86841,VRAI,0,VRAI,9528,VRAI,3,29528,0,10115,4798,6092,3944,5235,0,17601
447,Agriculture,94268,FAUX,13641,FAUX,0,VRAI,3,23662,5414,12027,6819,5978,5486,6219,1730,13292
448,Commerce,32595,VRAI,0,VRAI,12308,VRAI,3,9311,0,2165,2450,2441,1517,1203,0,1200
449,Transport,57740,FAUX,20860,FAUX,0,FAUX,2,15048,3388,6872,4750,4432,2847,2622,0,-3079
450,Industry,63190,VRAI,0,VRAI,4075,FAUX,1,16685,0,5958,4933,4769,2385,4166,0,20219
451,Finance,98931,FAUX,27615,FAUX,0,VRAI,5,28825,6426,12347,5976,5555,2728,2599,4495,2365
452,Construction,33593,FAUX,14613,FAUX,0,VRAI,2,9528,2665,2025,2906,2069,1725,1499,1323,-4760
453,Commerce,55992,VRAI,0,FAUX,0,VRAI,4,16118,5471,7694,4781,3998,1685,2958,882,12405
454,Agriculture,54496,VRAI,0,FAUX,0,FAUX,2,14139,2814,5445,4361,2826,2662,1717,0,20532
455,Extractives,34018,VRAI,0,FAUX,0,VRAI,3,9717,2145,4921,2936,1925,1291,2035,0,9048
456,Finance,109508,FAUX,19063,FAUX,0,VRAI,2,34274,7445,9919,10788,5844,3366,4886,0,13923
457,Extractives,35635,VRAI,0,FAUX,0,VRAI,0,12351,2014,0,2444,1809,1028,2103,470,13416
458,Commerce,43400,VRAI,0,FAUX,0,FAUX,0,12062,2927,0,4173,2439,2385,934,1917,16563
459,Finance,50766,VRAI,0,FAUX,0,VRAI,4,16714,3012,2876,5072,2576,2711,1942,0,15863
460,Transport,59965,VRAI,0,VRAI,10705,VRAI,2,19004,0,8324,4377,4090,1651,3612,0,8202
461,Construction,53464,FAUX,18384,FAUX,0,VRAI,3,17377,3521,5259,3460,3088,1124,1831,0,-580
462,Health,47065,VRAI,0,VRAI,10320,VRAI,5,12495,0,4029,3993,3144,1668,1930,0,9486
463,Commerce,33419,FAUX,11069,FAUX,0,FAUX,0,9592,2621,0,3144,2615,1656,813,0,1909
464,Extractives,50380,VRAI,0,VRAI,9554,VRAI,5,14114,0,4453,4671,3651,1556,1303,2359,8719
465,Commerce,35416,VRAI,0,FAUX,0,VRAI,0,10707,1977,0,1999,2341,2035,1254,0,15103
466,Transport,48940,VRAI,0,FAUX,0,VRAI,0,13212,3355,0,3674,3512,1200,1973,0,22014
467,Extractives,45435,FAUX,12763,VRAI,6241,FAUX,2,13230,0,2900,3784,2986,2070,1676,0,-215
468,Transport,72041,VRAI,0,FAUX,0,FAUX,2,23034,3928,7186,4549,5167,1987,4654,0,21536
469,Finance,72881,VRAI,0,VRAI,8991,VRAI,2,20050,0,5980,4135,4291,3125,3067,2904,20338
470,Industry,91115,FAUX,21345,FAUX,0,VRAI,5,30735,4745,12124,7158,6216,3729,5806,1862,-2605
471,Extractives,39922,FAUX,28218,FAUX,0,VRAI,5,11468,2698,4165,2141,2942,1146,2149,0,-15005
472,Education,40055,FAUX,10105,VRAI,3669,VRAI,3,10923,0,3630,3707,2962,1229,1290,944,1596
473,Transport,27047,FAUX,27257,FAUX,0,VRAI,2,8669,1681,2619,2151,2071,1502,1549,892,-21344
474,Commerce,49148,VRAI,0,FAUX,0,VRAI,3,13385,4751,4151,2853,3287,2838,992,2336,14555
475,Education,26224,VRAI,0,FAUX,0,VRAI,0,8869,1880,0,2291,2097,1284,674,0,9129
476,Construction,64663,VRAI,0,VRAI,14880,VRAI,1,22626,0,5087,4139,3543,1717,2215,0,10456
477,Health,30539,FAUX,19735,VRAI,10727,VRAI,3,9577,0,2030,2183,1790,1510,1303,0,-18316
478,Construction,58385,VRAI,0,FAUX,0,VRAI,3,18853,5472,8399,5269,4409,2453,3578,1514,8438
479,Industry,37879,VRAI,0,VRAI,8615,VRAI,0,11465,0,0,2002,2019,1089,1637,0,11052
480,Extractives,73806,FAUX,24855,VRAI,9458,VRAI,5,18835,0,3784,6626,4746,1862,2345,0,1295
481,Education,39600,FAUX,29915,FAUX,0,FAUX,1,12860,2443,2217,3004,2127,2316,1366,0,-16648
482,Industry,116235,FAUX,23636,VRAI,8285,VRAI,4,32416,0,12618,9248,8319,5789,5314,5055,5555
483,Health,67612,VRAI,0,VRAI,9745,VRAI,0,21567,0,0,5417,3598,2726,3838,0,20721
484,Construction,91385,VRAI,0,FAUX,0,FAUX,1,27711,5955,8159,5390,6154,5329,4126,3180,25381
485,Finance,44922,VRAI,0,VRAI,6167,VRAI,1,12423,0,5692,2708,2679,1734,3016,0,10503
486,Extractives,42511,VRAI,0,FAUX,0,VRAI,4,14581,2940,4215,4030,3154,856,1530,0,11205
487,Education,62759,VRAI,0,FAUX,0,VRAI,5,17139,5654,8481,4653,3921,3709,1884,1360,15958
488,Health,66791,FAUX,29115,FAUX,0,VRAI,3,22482,3914,9020,6271,4440,3088,2612,2596,-16747
489,Agriculture,48297,VRAI,0,VRAI,6346,VRAI,0,14369,0,0,3180,3525,1927,1714,0,17236
490,Health,32310,VRAI,0,FAUX,0,VRAI,4,10374,3187,4169,2007,2495,766,1402,0,7910
491,Industry,58608,FAUX,17146,FAUX,0,VRAI,5,20241,4812,4677,3300,4411,2021,3107,0,-1107
492,Agriculture,57325,VRAI,0,FAUX,0,VRAI,5,19077,5076,3088,3422,3789,3290,3539,0,16044
493,Industry,79510,VRAI,0,FAUX,0,VRAI,4,27406,4932,5883,4306,6190,3433,4242,0,23118
494,Construction,31766,VRAI,0,FAUX,0,VRAI,4,10377,2145,2785,2435,1588,941,966,1341,9188
495,Finance,83574,VRAI,0,FAUX,0,VRAI,3,21506,7915,6085,7271,4955,4542,4598,0,26702
496,Health,113664,VRAI,0,VRAI,6688,VRAI,3,35646,0,10845,10590,8809,6805,3146,0,31135
497,Industry,30912,VRAI,0,VRAI,9449,FAUX,0,9855,0,0,2758,2283,785,1310,0,4472
498,Education,33338,VRAI,0,VRAI,9287,FAUX,1,10187,0,3013,2433,1682,1045,1394,0,4297
499,Construction,71662,VRAI,0,VRAI,4306,FAUX,2,20531,0,6682,5815,3743,2877,2087,0,25621
500,Extractives,35585,FAUX,11695,VRAI,3780,VRAI,3,9013,0,3879,2711,2081,765,2481,0,-820
501,Extractives,38662,VRAI,0,FAUX,0,FAUX,1,12194,2465,5674,2554,3090,2313,1142,1138,8092
502,Construction,31811,FAUX,24966,VRAI,7394,VRAI,3,10458,0,2579,2110,1600,1528,816,0,-19640
503,Commerce,53746,VRAI,0,VRAI,11469,VRAI,5,14362,0,6730,5137,3580,2208,3127,2510,4623
504,Transport,39110,FAUX,17436,FAUX,0,VRAI,4,12807,2473,5606,3363,2839,1124,1648,0,-8186
505,Extractives,64507,FAUX,10117,FAUX,0,VRAI,2,19470,4714,5253,5099,4637,2350,3319,0,9548
506,Industry,36959,VRAI,0,FAUX,0,VRAI,4,11024,3486,3246,3233,1955,1442,2571,0,10002
507,Extractives,49795,VRAI,0,FAUX,0,FAUX,1,14828,3663,3365,2850,2870,2817,1277,0,18125
508,Construction,28574,VRAI,0,VRAI,11462,FAUX,1,9241,0,3245,2678,1499,1617,990,0,-2158
509,Construction,111410,VRAI,0,FAUX,0,VRAI,0,37569,5967,0,10329,8182,2689,2826,1164,42684
510,Transport,84142,VRAI,0,VRAI,3364,FAUX,0,28266,0,0,4669,6598,3107,1722,0,36416
511,Transport,59642,VRAI,0,VRAI,5933,FAUX,1,19405,0,8756,5306,3022,2623,3266,0,11331
512,Construction,43006,VRAI,0,VRAI,7611,FAUX,0,14334,0,0,4148,2961,1539,1406,0,11007
513,Industry,47432,VRAI,0,VRAI,7725,VRAI,5,15680,0,2747,2825,2921,1868,1790,2303,9573
514,Construction,59369,VRAI,0,FAUX,0,VRAI,3,19375,5914,6881,3118,3154,3279,2753,0,14895
515,Extractives,30167,VRAI,0,FAUX,0,FAUX,0,10443,2334,0,1605,2090,1312,1954,0,10429
516,Finance,114273,FAUX,13216,VRAI,7515,VRAI,0,29032,0,0,10934,8569,3645,6795,5562,29005
517,Extractives,114095,VRAI,0,VRAI,11983,FAUX,1,35447,0,7072,7534,8674,3343,5748,0,34294
518,Education,70778,FAUX,12108,FAUX,0,VRAI,5,21772,5498,4872,3737,3710,4226,4188,0,10667
519,Transport,67838,VRAI,0,FAUX,0,FAUX,2,20278,5130,5208,4935,4350,3274,4547,792,19324
520,Transport,28811,FAUX,26464,FAUX,0,VRAI,1,7877,1828,3327,2002,1608,1419,798,0,-16512
521,Finance,116937,FAUX,15546,VRAI,10372,VRAI,2,33476,0,8781,9842,8245,4686,6887,0,19102
522,Finance,42289,VRAI,0,VRAI,14343,VRAI,5,12364,0,4862,2166,3142,1753,1434,697,1528
523,Agriculture,69834,VRAI,0,VRAI,13846,VRAI,5,20283,0,6030,4248,4894,4108,2010,0,14415
524,Health,52598,VRAI,0,FAUX,0,VRAI,3,16007,3431,3586,2855,3756,1464,2866,1400,17233
525,Industry,69475,VRAI,0,FAUX,0,VRAI,1,21994,4468,6670,4145,3912,1453,4504,1327,21002
526,Health,29284,FAUX,20073,VRAI,8901,FAUX,0,8315,0,0,2500,1953,885,1538,921,-15802
527,Education,31437,FAUX,24312,VRAI,4782,VRAI,0,10879,0,0,2075,2511,1692,1589,1447,-17850
528,Agriculture,34611,FAUX,21109,FAUX,0,VRAI,4,8785,3237,3505,2419,2246,1616,714,0,-9020
529,Finance,113811,VRAI,0,VRAI,3598,FAUX,0,36176,0,0,8085,8973,5004,6871,2946,42158
530,Construction,31429,VRAI,0,VRAI,9452,VRAI,4,10582,0,4565,2207,2048,1849,1062,0,-336
531,Extractives,59203,VRAI,0,FAUX,0,VRAI,3,16129,4422,8653,5238,3827,1983,2809,0,16142
532,Education,29091,VRAI,0,FAUX,0,VRAI,1,8305,2345,3157,2251,2013,883,704,552,8881
533,Extractives,76799,VRAI,0,VRAI,13623,VRAI,1,25579,0,6085,7199,5618,2819,4409,0,11467
534,Transport,39821,FAUX,22674,VRAI,8969,VRAI,3,13362,0,4104,2499,2798,1660,1260,0,-17505
535,Education,41054,VRAI,0,FAUX,0,FAUX,0,13632,2130,0,2806,2720,1064,2353,687,15662
536,Health,76480,FAUX,12708,FAUX,0,VRAI,2,23208,6405,7016,6618,5021,1756,2263,0,11485
537,Finance,97552,VRAI,0,FAUX,0,VRAI,2,26644,8461,7848,5736,7179,3170,6411,0,32103
538,Agriculture,88072,VRAI,0,VRAI,4854,FAUX,1,26182,0,4747,7215,4537,5024,5996,3263,26254
539,Education,34954,VRAI,0,FAUX,0,VRAI,0,10277,3322,0,3059,2260,1542,1268,0,13226
540,Education,43094,FAUX,12284,VRAI,4589,FAUX,0,12207,0,0,3099,2494,1145,2346,0,4930
541,Transport,26971,VRAI,0,VRAI,7218,VRAI,4,8932,0,3527,1604,1437,1317,750,0,2186
542,Commerce,116830,FAUX,14637,VRAI,9034,VRAI,1,38971,0,10691,10309,6453,3842,8028,0,14865
543,Extractives,41284,VRAI,0,VRAI,6202,VRAI,3,12859,0,4055,2257,3015,2059,1469,1796,7572
544,Transport,55326,VRAI,0,FAUX,0,FAUX,0,16387,5103,0,5249,3205,2680,1383,1793,19526
545,Health,86962,VRAI,0,FAUX,0,VRAI,0,22031,5942,0,5378,5514,1990,5887,4077,36143
546,Education,26329,VRAI,0,VRAI,11095,FAUX,0,9026,0,0,1388,1649,1271,1135,0,765
547,Health,55815,VRAI,0,VRAI,13846,VRAI,4,16836,0,6848,4408,3062,2621,1488,0,6706
548,Finance,78344,VRAI,0,VRAI,4212,VRAI,0,20593,0,0,5663,5833,4353,3601,0,34089
549,Agriculture,50584,FAUX,27745,VRAI,3526,VRAI,4,14626,0,6137,4197,3477,1583,1967,1960,-14634
550,Agriculture,50780,FAUX,18988,VRAI,11953,VRAI,1,14426,0,6618,4817,3328,1940,1093,0,-12383
551,Commerce,92262,VRAI,0,VRAI,8205,VRAI,4,28429,0,9677,5624,5800,4252,5199,4380,20696
552,Transport,99894,VRAI,0,VRAI,9167,VRAI,1,28122,0,6146,5529,7150,5412,3281,1890,33197
553,Education,30947,VRAI,0,VRAI,4892,VRAI,1,10647,0,4350,2424,1876,1090,1256,0,4412
554,Education,35077,FAUX,12314,VRAI,14384,VRAI,3,10219,0,2477,3291,1920,1340,1763,0,-12631
555,Transport,32485,VRAI,0,FAUX,0,VRAI,4,10117,2975,3229,1816,1637,1043,1783,0,9885
556,Industry,89377,VRAI,0,VRAI,12447,VRAI,2,26003,0,7059,4533,6010,3225,3461,2431,24208
557,Transport,117478,VRAI,0,FAUX,0,FAUX,2,36545,10991,6055,8433,6664,4175,4793,0,39822
558,Extractives,53015,FAUX,12590,VRAI,5978,VRAI,2,18263,0,5205,4164,3963,1643,1259,0,-50
559,Construction,74716,FAUX,11995,VRAI,6891,VRAI,0,20331,0,0,4741,5536,1626,5200,3126,15270
560,Commerce,95877,FAUX,11550,VRAI,9144,VRAI,0,30494,0,0,5375,5121,3493,5023,0,25677
561,Health,52150,FAUX,12083,FAUX,0,VRAI,4,17066,3047,6893,4613,3541,1746,1727,1584,-150
562,Agriculture,36982,VRAI,0,VRAI,14957,FAUX,0,9782,0,0,3521,2923,2206,2199,0,1394
563,Health,57042,VRAI,0,FAUX,0,VRAI,2,18974,5458,7871,5703,3269,2882,2813,2810,7262
564,Industry,29150,VRAI,0,VRAI,9553,FAUX,0,10151,0,0,2385,1598,1639,1335,1366,1123
565,Transport,27409,VRAI,0,FAUX,0,VRAI,2,8738,1671,2572,2442,2015,1045,1633,0,7293
566,Agriculture,25660,VRAI,0,VRAI,11104,FAUX,2,6952,0,2451,2448,1363,1252,1394,1203,-2507
567,Construction,32607,VRAI,0,FAUX,0,VRAI,2,8335,2727,4379,2280,2141,1175,1142,0,10428
568,Industry,58050,VRAI,0,FAUX,0,VRAI,2,16869,5300,4223,4424,4306,1981,3025,834,17088
569,Industry,60493,FAUX,16999,FAUX,0,VRAI,3,15442,4406,8724,5710,3210,3010,3647,1746,-2401
570,Agriculture,93528,VRAI,0,FAUX,0,FAUX,2,30877,6535,7821,5772,6025,3935,4824,4484,23255
571,Industry,63044,VRAI,0,VRAI,12990,VRAI,0,17080,0,0,3911,3397,3065,1478,1342,19781
572,Finance,43963,VRAI,0,VRAI,4116,FAUX,2,11614,0,3138,2430,3099,2041,2968,0,14557
573,Health,44853,FAUX,26243,FAUX,0,FAUX,2,12649,4291,4078,3920,2395,1341,2707,0,-12771
574,Commerce,31890,FAUX,22742,FAUX,0,VRAI,3,10339,2822,3187,2081,2526,1483,1288,1251,-15829
575,Agriculture,72696,FAUX,24986,FAUX,0,VRAI,5,19096,7028,9940,4483,5332,3223,4982,2708,-9082
576,Health,39588,FAUX,19877,VRAI,8327,VRAI,1,11491,0,2122,3070,2821,972,1396,0,-10488
577,Transport,103194,VRAI,0,FAUX,0,VRAI,2,27668,8833,9132,7235,7584,6038,2717,0,33987
578,Extractives,39510,VRAI,0,VRAI,14102,VRAI,2,13775,0,4422,3261,2211,1169,2092,0,-1522
579,Commerce,35208,FAUX,26724,VRAI,10862,VRAI,2,9044,0,5266,2268,1918,1043,2352,0,-24269
580,Agriculture,45392,FAUX,27617,VRAI,5800,VRAI,4,12662,0,4889,2419,2530,1647,3034,1659,-16865
581,Extractives,57855,FAUX,15153,FAUX,0,FAUX,2,18865,2938,6119,3990,3771,2459,2063,2275,222
582,Agriculture,42822,VRAI,0,VRAI,10641,VRAI,1,14882,0,5401,3047,2146,1393,1984,618,2710
583,Industry,30565,FAUX,16929,VRAI,11177,VRAI,1,8899,0,2545,2551,1726,1333,2006,0,-16601
584,Finance,51199,FAUX,26295,VRAI,4151,VRAI,5,13739,0,6442,2616,3814,1052,2706,1764,-11380
585,Health,89877,FAUX,24026,VRAI,3713,FAUX,1,27050,0,8290,6282,4565,3003,6183,0,6765
586,Agriculture,109777,FAUX,25932,VRAI,10692,FAUX,0,38086,0,0,9293,5722,3027,6429,0,10596
587,Commerce,68065,VRAI,0,VRAI,11328,VRAI,5,18478,0,3677,4087,3768,2280,2785,0,21662
588,Finance,51929,VRAI,0,FAUX,0,VRAI,2,17484,4535,7050,3881,2800,2484,1573,0,12122
589,Industry,49551,FAUX,24179,FAUX,0,VRAI,5,15457,4467,4617,4424,3165,2856,2196,0,-11810
590,Construction,29825,FAUX,23342,VRAI,6717,VRAI,1,9384,0,3966,1564,2253,1250,890,634,-20175
591,Agriculture,33762,VRAI,0,FAUX,0,VRAI,3,8475,2745,4064,2786,2668,1840,1432,980,8772
592,Transport,82993,VRAI,0,VRAI,14159,VRAI,2,25021,0,5566,6900,6272,2516,3699,0,18860
593,Transport,26387,VRAI,0,FAUX,0,VRAI,2,8565,1551,1489,2081,1602,818,1592,598,8091
594,Construction,101628,VRAI,0,VRAI,9708,VRAI,3,29268,0,9639,10064,6149,3870,2711,4168,26051
595,Transport,86754,VRAI,0,VRAI,3607,FAUX,1,22819,0,7020,4844,6903,2806,2300,2906,33549
596,Commerce,35271,FAUX,21244,VRAI,9783,FAUX,2,9071,0,4399,1857,2338,1072,1741,1742,-17976
597,Extractives,40081,FAUX,25536,FAUX,0,VRAI,0,13675,3484,0,2400,3018,1128,2290,0,-11450
598,Agriculture,35742,FAUX,28676,VRAI,11422,VRAI,2,8990,0,2573,2290,2262,959,2275,0,-23705
599,Agriculture,43065,FAUX,26924,VRAI,3076,VRAI,3,13869,0,5451,2350,2817,1260,1251,0,-13933
600,Commerce,25756,FAUX,22442,VRAI,13307,VRAI,0,6877,0,0,1694,1615,833,876,0,-21888
601,Agriculture,34116,VRAI,0,VRAI,6196,FAUX,2,10752,0,4136,2879,2032,1026,2312,0,4783
602,Industry,105516,VRAI,0,VRAI,10636,VRAI,1,31523,0,12637,8071,6515,4735,7220,2701,21478
603,Transport,68484,VRAI,0,VRAI,7412,VRAI,4,20344,0,9437,5430,4809,3572,3626,2091,11763
604,Construction,98108,VRAI,0,FAUX,0,VRAI,5,25173,5724,14645,7667,5955,3093,3222,0,32629
605,Transport,72468,FAUX,17210,FAUX,0,FAUX,0,20396,4355,0,7075,4588,1955,2169,3621,11099
606,Industry,54955,VRAI,0,VRAI,10496,VRAI,0,18160,0,0,3126,4027,2852,2577,868,12849
607,Health,45790,FAUX,19004,FAUX,0,VRAI,0,13127,3211,0,2292,2972,2294,2800,0,90
608,Agriculture,37686,VRAI,0,VRAI,3329,FAUX,2,10662,0,3480,2961,2905,1348,2602,0,10399
609,Industry,32420,FAUX,12611,FAUX,0,FAUX,0,10900,2080,0,2734,2276,935,704,0,180
610,Education,50858,VRAI,0,FAUX,0,VRAI,2,15787,4646,4704,3243,2947,2107,2159,0,15265
611,Extractives,87195,VRAI,0,FAUX,0,FAUX,1,23784,6905,7598,6316,5764,2453,2422,0,31953
612,Education,78706,VRAI,0,VRAI,7359,FAUX,2,25241,0,5332,4927,5849,4556,2109,0,23333
613,Education,52342,VRAI,0,VRAI,14419,VRAI,2,13838,0,2665,4732,2893,2316,1928,0,9551
614,Agriculture,56484,FAUX,12400,VRAI,5343,FAUX,1,14189,0,5755,4534,4455,2461,2460,0,4887
615,Agriculture,39437,VRAI,0,VRAI,12164,FAUX,2,12517,0,2818,3229,2570,1920,2431,0,1788
616,Commerce,95814,VRAI,0,FAUX,0,FAUX,0,31845,8061,0,8147,6879,5528,5903,0,29451
617,Health,36927,VRAI,0,VRAI,3602,FAUX,0,12858,0,0,2568,1934,871,1829,0,13265
618,Finance,75932,VRAI,0,FAUX,0,VRAI,2,22633,7333,9171,6636,4245,3879,4677,1407,15951
619,Commerce,42456,VRAI,0,FAUX,0,VRAI,5,12835,4030,2820,3829,3131,1065,1695,857,12194
620,Agriculture,75701,VRAI,0,FAUX,0,VRAI,1,19766,4839,9626,5114,5629,2481,2133,0,26113
621,Commerce,103798,VRAI,0,FAUX,0,VRAI,1,35247,5489,6649,8909,6551,3751,2786,0,34416
622,Education,35155,VRAI,0,VRAI,3561,VRAI,3,10247,0,4457,1828,1887,988,1409,0,10778
623,Extractives,47979,VRAI,0,FAUX,0,VRAI,2,13130,3903,3845,4721,3410,1221,1959,1505,14285
624,Industry,36698,VRAI,0,FAUX,0,VRAI,4,9328,2757,3978,3523,1889,1575,2300,1653,9695
625,Industry,40530,VRAI,0,FAUX,0,VRAI,1,13861,2979,2144,3424,2612,1012,1244,1336,11918
626,Construction,25762,FAUX,14839,FAUX,0,FAUX,2,8231,1826,2745,2124,1558,1460,687,0,-7708
627,Construction,37106,VRAI,0,VRAI,13478,VRAI,4,12309,0,5318,3596,2872,1553,1402,461,-3883
628,Health,29919,VRAI,0,VRAI,10642,FAUX,2,9270,0,3000,1573,2341,1229,1084,704,76
629,Education,48269,FAUX,20379,FAUX,0,FAUX,1,13011,2480,6299,2460,3616,1243,3317,0,-4536
630,Education,35155,VRAI,0,VRAI,5072,FAUX,1,11325,0,1778,2799,2651,1204,893,0,9433
631,Finance,66021,FAUX,17039,VRAI,4203,VRAI,4,21038,0,5720,5795,5211,1622,2358,0,3035
632,Construction,34394,FAUX,24841,FAUX,0,VRAI,4,9183,3029,4379,3224,1747,1461,1056,1423,-15949
633,Transport,102602,VRAI,0,FAUX,0,VRAI,4,31104,6088,9496,7949,7218,4546,4073,1716,30412
634,Construction,45531,VRAI,0,FAUX,0,FAUX,1,13902,2302,5447,3132,3564,2400,2248,826,11710
635,Health,31998,FAUX,12366,FAUX,0,VRAI,0,9195,2500,0,1675,1639,960,1743,0,1920
636,Extractives,56880,VRAI,0,VRAI,13400,VRAI,5,16826,0,6594,5444,2997,2890,2891,0,5838
637,Construction,101609,VRAI,0,FAUX,0,VRAI,3,26431,9513,10238,9185,6202,2540,2243,2008,33249
638,Transport,104348,VRAI,0,FAUX,0,VRAI,0,33416,8525,0,10354,5650,3880,4303,0,38220
639,Education,32989,VRAI,0,FAUX,0,FAUX,1,11307,2157,2017,3034,2636,1045,1249,0,9544
640,Construction,90306,FAUX,27087,FAUX,0,FAUX,2,30023,5762,12917,6161,6838,2767,4129,3287,-8665
641,Finance,92175,VRAI,0,VRAI,12592,FAUX,1,27374,0,7657,8088,5519,2353,3682,0,24910
642,Industry,108791,VRAI,0,VRAI,6465,FAUX,2,28501,0,10346,10394,8097,4437,6372,0,34179
643,Education,106246,FAUX,11999,VRAI,3400,FAUX,1,28927,0,12934,10323,6994,4419,4574,3083,19593
644,Education,55290,FAUX,13691,VRAI,7348,VRAI,0,18689,0,0,5420,4245,2696,2723,0,478
645,Health,71280,VRAI,0,FAUX,0,VRAI,1,23355,5532,8275,4714,4593,3185,2868,3454,15304
646,Industry,53463,FAUX,18167,VRAI,14112,VRAI,1,16275,0,5578,4002,2889,2130,1521,2529,-13740
647,Transport,30936,VRAI,0,FAUX,0,VRAI,5,10113,2116,4516,2815,2339,831,1037,644,6525
648,Commerce,31683,FAUX,28660,FAUX,0,VRAI,2,10882,1597,1735,1887,1743,863,1698,0,-17382
649,Industry,96776,FAUX,16655,FAUX,0,VRAI,3,32353,7166,6832,8847,6400,2527,4381,0,11615
650,Construction,71043,VRAI,0,VRAI,3642,VRAI,5,21320,0,8432,6365,4794,4003,4766,1853,15868
651,Agriculture,72823,VRAI,0,VRAI,7716,VRAI,1,22496,0,7516,4611,5606,4157,2922,0,17799
652,Transport,101368,VRAI,0,VRAI,9299,VRAI,2,32787,0,8790,5164,5374,4039,5524,3833,26558
653,Agriculture,119796,VRAI,0,VRAI,8229,VRAI,5,33634,0,6496,9784,6883,3853,7012,2358,41547
654,Transport,88133,VRAI,0,FAUX,0,VRAI,1,27614,7979,4801,5712,5147,2277,3036,2721,28846
655,Construction,109997,FAUX,12179,VRAI,6319,VRAI,3,28376,0,10097,10685,7880,2587,6854,0,25020
656,Health,54379,VRAI,0,FAUX,0,FAUX,0,16579,4182,0,4255,4266,3050,3468,0,18579
657,Health,34632,VRAI,0,FAUX,0,VRAI,4,9279,3057,3440,3256,2144,1064,1294,0,11098
658,Transport,29905,VRAI,0,VRAI,12143,FAUX,2,8540,0,2242,2416,1942,1781,1289,1468,-1916
659,Construction,112529,VRAI,0,FAUX,0,VRAI,0,33097,9657,0,7801,6339,5098,7742,3200,39595
660,Transport,34352,FAUX,14313,VRAI,4152,VRAI,5,11529,0,2103,2314,2620,964,821,0,-4464
661,Agriculture,87399,FAUX,19114,VRAI,14045,FAUX,2,28865,0,11440,5441,5983,3297,4512,0,-5298
662,Commerce,35190,VRAI,0,FAUX,0,VRAI,1,8997,1811,2386,3495,2514,1568,786,0,13633
663,Finance,106022,VRAI,0,FAUX,0,FAUX,0,34213,7305,0,5344,5330,4073,4709,3973,41075
664,Education,70139,VRAI,0,VRAI,14696,VRAI,5,19618,0,3887,5599,3689,3371,1587,1558,16134
665,Education,29865,VRAI,0,FAUX,0,VRAI,4,8102,2413,2613,2962,1520,1790,1528,0,8937
666,Industry,59153,FAUX,16840,VRAI,5415,VRAI,4,18907,0,3931,3397,3767,2095,3295,2891,-1385
667,Transport,37447,FAUX,19395,FAUX,0,FAUX,1,9909,2226,5090,2352,2299,2054,1990,1398,-9266
668,Health,30056,VRAI,0,VRAI,11712,FAUX,0,10246,0,0,2272,1827,1160,1637,0,1202
669,Agriculture,67274,FAUX,16406,FAUX,0,VRAI,4,21452,5620,4441,3389,4883,1631,1622,1836,5994
670,Commerce,38155,VRAI,0,VRAI,9724,VRAI,3,12007,0,3679,2852,2397,2222,1172,0,4102
671,Agriculture,43280,VRAI,0,VRAI,12734,VRAI,0,12067,0,0,2510,2871,1787,1029,0,10282
672,Health,33713,FAUX,15089,FAUX,0,VRAI,1,10082,3314,4491,2165,2053,1300,2324,819,-7924
673,Construction,41081,FAUX,26876,VRAI,11266,VRAI,2,12752,0,4809,3291,2141,935,1253,1703,-23945
674,Finance,48379,VRAI,0,VRAI,12301,VRAI,3,16712,0,2978,4707,3483,2201,2528,0,3469
675,Health,45213,VRAI,0,FAUX,0,FAUX,0,14426,3467,0,3117,2722,2027,2918,0,16536
676,Finance,69088,VRAI,0,VRAI,11875,VRAI,5,22198,0,4543,4325,3779,4015,2782,730,14841
677,Finance,28897,FAUX,12837,FAUX,0,VRAI,1,7593,2512,2591,1824,1770,1153,1073,749,-3205
678,Health,36046,FAUX,22262,FAUX,0,FAUX,1,9092,2241,2352,3350,2307,1303,1531,0,-8392
679,Extractives,45476,FAUX,28201,FAUX,0,VRAI,4,12636,3344,6447,3153,3041,2370,1880,2263,-17859
680,Industry,77729,VRAI,0,FAUX,0,VRAI,2,25656,7455,8573,7007,5732,2155,4150,2356,14645
681,Industry,46007,FAUX,12076,FAUX,0,VRAI,0,12246,2873,0,2817,3017,1955,3093,1640,6290
682,Agriculture,53384,VRAI,0,VRAI,14991,VRAI,5,13646,0,4868,4214,3298,2301,2442,0,7624
683,Agriculture,68212,VRAI,0,VRAI,9763,VRAI,3,19296,0,6877,3492,4051,3601,3253,0,17879
684,Education,41408,FAUX,28672,VRAI,4218,VRAI,1,13528,0,2927,3934,2720,1017,1658,744,-18010
685,Agriculture,73775,VRAI,0,VRAI,5057,VRAI,5,19831,0,10030,4639,4189,2894,3315,1540,22280
686,Finance,39319,FAUX,11645,VRAI,4787,FAUX,0,12091,0,0,2223,2505,1208,2441,1712,707
687,Finance,94383,FAUX,20494,VRAI,14847,VRAI,3,31636,0,11175,5971,6667,4879,3335,4465,-9086
688,Finance,34091,VRAI,0,FAUX,0,VRAI,5,9441,2118,5085,2041,2293,1943,932,0,10238
689,Finance,31474,VRAI,0,FAUX,0,FAUX,2,8436,2779,2640,1850,1971,1628,1361,0,10809
690,Industry,86107,FAUX,19424,FAUX,0,VRAI,3,29602,6640,10921,4689,4850,3451,1808,2643,2079
691,Transport,41565,FAUX,16459,FAUX,0,VRAI,2,14258,3709,2909,2350,2920,1762,2472,0,-5274
692,Health,57905,VRAI,0,VRAI,3721,VRAI,2,16175,0,7978,5109,2933,2320,1953,0,17716
693,Industry,27941,VRAI,0,FAUX,0,FAUX,2,8314,2146,3551,2320,1740,1559,785,0,7526
694,Health,25749,VRAI,0,FAUX,0,VRAI,2,8464,1813,3407,2163,1897,1354,624,0,6027
695,Finance,38019,FAUX,16997,FAUX,0,FAUX,1,12785,2816,2199,2966,2279,996,2374,0,-5393
696,Agriculture,31387,FAUX,11126,VRAI,8773,VRAI,4,8751,0,3981,1891,2239,1355,897,936,-8562
697,Extractives,48656,FAUX,17269,VRAI,5372,VRAI,2,15440,0,6769,4388,2701,1549,2717,2066,-9615
698,Health,50169,VRAI,0,VRAI,4384,VRAI,3,14620,0,4884,3540,3908,1692,3420,0,13721
699,Health,51231,VRAI,0,FAUX,0,VRAI,2,15223,2945,3913,4989,3125,2884,1804,0,16348
700,Commerce,32008,FAUX,29641,VRAI,5401,FAUX,0,10487,0,0,2098,2145,1896,2077,0,-21737
701,Transport,74892,VRAI,0,FAUX,0,VRAI,3,19126,3790,8697,4828,4314,2489,2508,0,29140
702,Transport,41134,FAUX,23139,FAUX,0,VRAI,2,13334,3613,4799,2538,2782,1761,1818,0,-12650
703,Industry,52145,VRAI,0,FAUX,0,VRAI,2,15997,4775,7469,4562,3925,2023,2059,1806,9529
704,Health,107895,FAUX,23222,FAUX,0,VRAI,2,30478,6977,5755,9795,6852,3561,4699,0,16556
705,Extractives,31157,FAUX,21064,VRAI,3871,VRAI,3,8349,0,4406,2728,2430,1018,2086,378,-15173
706,Agriculture,38443,VRAI,0,VRAI,8386,VRAI,5,11764,0,3572,3779,2618,1920,2568,0,3836
707,Finance,82266,VRAI,0,FAUX,0,FAUX,2,22230,5224,8264,8126,5634,4725,5591,1846,20626
708,Commerce,42853,FAUX,12155,VRAI,9829,VRAI,2,13367,0,3137,2144,3116,2545,2592,0,-6032
709,Construction,26764,VRAI,0,VRAI,12593,VRAI,5,8100,0,2185,1683,1368,1159,843,967,-2134
710,Health,54604,FAUX,13042,FAUX,0,FAUX,0,14700,2967,0,3650,2941,2234,2820,0,12250
711,Extractives,105313,VRAI,0,FAUX,0,VRAI,5,30710,5354,11774,5597,5606,4845,3751,3103,34573
712,Health,110272,VRAI,0,VRAI,14760,VRAI,0,33437,0,0,8859,7130,4005,3370,0,38711
713,Health,60022,VRAI,0,VRAI,3557,VRAI,2,16715,0,3146,4876,3455,2806,3442,0,22025
714,Commerce,30595,VRAI,0,VRAI,14063,VRAI,4,8093,0,4091,1553,2122,1144,919,844,-2234
715,Health,26003,VRAI,0,VRAI,11275,VRAI,1,7249,0,3679,2428,1588,594,1682,0,-2492
716,Health,31851,VRAI,0,VRAI,13292,VRAI,3,9523,0,3308,2002,1942,1190,845,0,-251
717,Construction,38777,VRAI,0,VRAI,6831,VRAI,3,11263,0,3666,3632,2476,808,1216,0,8885
718,Education,41550,FAUX,14682,FAUX,0,FAUX,2,12094,3196,3118,3928,2492,1076,1031,1118,-1185
719,Finance,39228,VRAI,0,VRAI,8639,VRAI,4,13452,0,4775,3457,2198,1152,1806,871,2878
720,Industry,50995,VRAI,0,FAUX,0,VRAI,4,15958,5038,4238,2852,3422,2868,3019,0,13600
721,Health,35400,FAUX,26489,FAUX,0,FAUX,0,11922,2886,0,2607,2483,1567,1443,896,-14893
722,Education,72165,FAUX,25442,VRAI,10962,VRAI,1,19585,0,7039,4756,4185,4234,2020,0,-6058
723,Transport,25895,FAUX,28004,VRAI,13484,FAUX,1,8895,0,1325,2055,1684,1422,626,0,-31600
724,Extractives,69260,FAUX,24690,FAUX,0,FAUX,1,19463,5025,6123,4960,5497,1630,4578,0,-2706
725,Industry,28584,FAUX,11263,VRAI,11014,VRAI,1,9515,0,1740,1583,1796,684,1456,883,-11350
726,Agriculture,48756,FAUX,27443,FAUX,0,VRAI,5,16311,4659,6438,2749,3897,1479,2740,0,-16960
727,Finance,103016,FAUX,11583,VRAI,9583,FAUX,1,31468,0,5978,9220,6457,5358,3367,0,20002
728,Construction,47769,VRAI,0,VRAI,6534,VRAI,1,15343,0,5158,2601,3382,1273,2833,1274,9371
729,Agriculture,66457,VRAI,0,VRAI,8283,FAUX,1,22419,0,4832,3349,4303,2741,1997,2698,15835
730,Transport,36906,FAUX,27269,VRAI,9565,VRAI,5,11438,0,2057,3279,2269,1225,1564,868,-22628
731,Extractives,25005,VRAI,0,VRAI,6970,VRAI,2,6697,0,2533,2267,1833,1288,1385,1112,920
732,Education,27415,VRAI,0,FAUX,0,FAUX,2,9283,2113,3142,2118,1412,1365,1240,0,6742
733,Agriculture,27091,FAUX,22274,VRAI,5977,VRAI,1,7502,0,2954,2181,1479,1401,1605,583,-18865
734,Finance,38851,VRAI,0,VRAI,13330,VRAI,5,11576,0,4839,2341,2283,1314,2227,0,941
735,Health,34955,FAUX,29405,VRAI,4185,VRAI,2,10489,0,3341,2349,2475,1761,2189,0,-21239
736,Construction,47066,FAUX,13022,FAUX,0,FAUX,2,13103,4425,3893,3035,2733,1214,2309,1270,2062
737,Industry,32240,VRAI,0,FAUX,0,VRAI,0,8392,1695,0,2314,2214,1728,1745,917,13235
738,Extractives,59829,VRAI,0,VRAI,12715,FAUX,0,19113,0,0,5293,3430,1314,3735,2840,11389
739,Finance,51561,VRAI,0,FAUX,0,VRAI,2,16046,3007,5303,4099,3039,1103,1127,2040,15797
740,Transport,62775,FAUX,27974,FAUX,0,VRAI,0,19184,4165,0,4527,4357,2496,3202,0,-3130
741,Commerce,31030,FAUX,16693,VRAI,11276,VRAI,1,10440,0,2933,2659,2359,674,1511,0,-17515
742,Health,40796,VRAI,0,VRAI,10312,VRAI,1,12494,0,3994,2253,2789,2020,2381,0,4553
743,Industry,111222,VRAI,0,VRAI,14062,VRAI,3,33010,0,6976,9173,5804,3906,6172,3648,28471
744,Health,59879,FAUX,13257,FAUX,0,VRAI,0,19191,5539,0,4293,4661,2611,3083,0,7244
745,Finance,50375,VRAI,0,VRAI,4655,VRAI,3,13235,0,6668,3551,4016,1959,2402,0,13889
746,Extractives,50619,FAUX,13549,FAUX,0,VRAI,2,15892,3785,2621,3378,2810,2389,1155,0,5040
747,Finance,43976,FAUX,15452,VRAI,6681,VRAI,5,11100,0,3545,3663,3374,1330,2925,0,-4094
748,Commerce,38339,FAUX,27215,FAUX,0,VRAI,5,10699,3095,5378,3761,2668,2052,1773,1188,-19490
749,Industry,43087,VRAI,0,VRAI,8467,VRAI,5,14025,0,5389,2726,2893,2403,1885,0,5299
750,Finance,48981,FAUX,18850,VRAI,4018,FAUX,2,13805,0,6831,3665,3330,1333,2304,1921,-7076
751,Extractives,42765,VRAI,0,FAUX,0,VRAI,1,11740,3644,2562,4081,2414,1205,1243,1747,14129
752,Health,109451,VRAI,0,VRAI,8400,VRAI,4,30070,0,13480,7877,6450,4185,2578,0,36411
753,Finance,49519,FAUX,18948,VRAI,6807,VRAI,3,13040,0,3134,2531,2549,1512,1151,2144,-2297
754,Finance,40944,VRAI,0,FAUX,0,VRAI,0,14085,3607,0,4038,2093,1285,1218,806,13812
755,Extractives,43260,FAUX,17802,FAUX,0,VRAI,2,12786,2545,4905,2950,3269,2174,2185,795,-6151
756,Health,74322,VRAI,0,VRAI,6034,FAUX,1,24170,0,4304,6155,3757,3959,2135,0,23808
757,Health,40448,FAUX,27177,VRAI,8869,VRAI,4,12983,0,2216,2847,2877,1176,2417,0,-20114
758,Industry,36640,FAUX,17903,VRAI,13613,FAUX,2,9901,0,2615,1842,2162,1830,2187,1771,-17184
759,Education,36272,FAUX,28901,VRAI,8805,VRAI,2,11665,0,3062,3240,2182,1914,962,857,-25316
760,Agriculture,45734,VRAI,0,FAUX,0,VRAI,4,15262,2439,6596,4542,2408,1447,1766,0,11274
761,Health,49860,VRAI,0,VRAI,9818,FAUX,1,17196,0,5661,2881,3573,2437,2658,1312,4324
762,Transport,47704,VRAI,0,FAUX,0,FAUX,0,16549,2861,0,2528,3761,2001,2854,1558,15592
763,Industry,56819,VRAI,0,VRAI,7959,FAUX,2,17330,0,3393,3216,3994,2670,3917,0,14340
764,Transport,30645,FAUX,29175,VRAI,8834,VRAI,5,8073,0,4026,2460,2405,1029,778,0,-26135
765,Transport,117553,VRAI,0,FAUX,0,VRAI,1,30162,9534,12757,7528,9087,3781,4994,0,39710
766,Health,46642,VRAI,0,FAUX,0,VRAI,3,14056,3951,2590,2995,3478,1081,2927,2023,13541
767,Commerce,55279,VRAI,0,VRAI,5377,VRAI,2,19103,0,7188,4610,3656,2857,2473,907,9108
768,Commerce,115412,FAUX,20678,VRAI,12869,FAUX,0,39125,0,0,10727,6036,2799,5165,0,18013
769,Finance,55389,VRAI,0,VRAI,9476,VRAI,1,18469,0,5097,4367,4220,3021,2136,2271,6332
770,Construction,26281,FAUX,20991,VRAI,7511,VRAI,4,8309,0,2131,1734,1581,1240,602,0,-17818
771,Transport,73523,VRAI,0,FAUX,0,FAUX,2,19576,5175,9786,6106,4546,3659,4768,0,19907
772,Finance,53989,FAUX,14425,VRAI,9992,FAUX,2,14354,0,7680,2706,4147,2988,1935,0,-4238
773,Transport,42836,FAUX,13644,VRAI,6166,VRAI,3,11268,0,4589,2685,3171,977,2332,1450,-3446
774,Commerce,106062,FAUX,10676,VRAI,10813,VRAI,0,27978,0,0,8438,6304,2343,7152,0,32358
775,Education,118513,VRAI,0,FAUX,0,VRAI,1,34312,8688,16125,9017,6613,6598,2554,0,34606
776,Health,113619,VRAI,0,FAUX,0,VRAI,3,30102,8346,15124,5768,6611,2283,4634,0,40751
777,Agriculture,54109,VRAI,0,FAUX,0,FAUX,2,18327,3406,3367,5255,3454,1755,2408,0,16137
778,Finance,26500,VRAI,0,FAUX,0,VRAI,1,7542,2119,3808,1546,1895,1330,647,0,7613
779,Industry,42574,VRAI,0,VRAI,3148,VRAI,1,12909,0,3268,4069,2599,929,1490,0,14162
780,Transport,116006,VRAI,0,FAUX,0,FAUX,0,34127,8737,0,8009,7331,4502,6783,4728,41789
781,Construction,26896,FAUX,23453,VRAI,10618,VRAI,3,8306,0,1374,1425,2145,615,599,1311,-22950
782,Education,117290,VRAI,0,VRAI,4376,VRAI,2,31779,0,6221,8407,7868,6458,7789,0,44392
783,Industry,37151,FAUX,16450,FAUX,0,VRAI,2,11971,3409,3340,2689,2806,1895,1278,1380,-8067
784,Health,52692,VRAI,0,FAUX,0,VRAI,1,17315,2954,3247,3173,2767,2360,1442,556,18878
785,Construction,101576,VRAI,0,FAUX,0,VRAI,1,27827,8234,6891,8922,5223,5928,2396,0,36155
786,Education,51103,VRAI,0,VRAI,12869,VRAI,4,13107,0,5753,3620,3509,1452,1887,0,8906
787,Health,41532,FAUX,28037,VRAI,9344,VRAI,2,11211,0,4708,3258,2553,1371,1324,0,-20274
788,Agriculture,55414,FAUX,24329,FAUX,0,VRAI,3,17298,3125,4240,5084,3314,2190,3715,1417,-9298
789,Extractives,56813,VRAI,0,VRAI,11631,VRAI,3,16383,0,3644,4858,3967,1236,3512,1550,10032
790,Finance,34127,FAUX,15378,VRAI,3305,VRAI,5,10908,0,2631,2212,2568,696,1768,748,-6087
791,Construction,30660,FAUX,16850,VRAI,12060,VRAI,2,9332,0,3590,1562,1994,1334,1139,0,-17201
792,Agriculture,33820,VRAI,0,VRAI,4701,VRAI,0,11488,0,0,3215,2024,1964,718,1550,8160
793,Education,27567,VRAI,0,FAUX,0,VRAI,3,9358,2307,1942,2663,1597,716,675,0,8309
794,Construction,116218,VRAI,0,VRAI,7029,VRAI,1,31905,0,17035,5858,8878,3252,7828,3209,31224
795,Education,42612,VRAI,0,FAUX,0,FAUX,2,11735,2783,5685,2788,2654,1444,1100,1661,12762
796,Health,85176,FAUX,10987,FAUX,0,VRAI,4,25253,8311,12306,7578,5797,3253,3220,0,8471
797,Extractives,46385,VRAI,0,FAUX,0,VRAI,1,13051,3345,2851,4260,2357,2475,1253,0,16793
798,Extractives,30264,VRAI,0,VRAI,10518,FAUX,1,10140,0,3056,2601,2240,1202,779,0,-272
799,Industry,38621,FAUX,24761,VRAI,7686,VRAI,3,10170,0,2357,3711,2801,1683,2257,0,-16805
800,Agriculture,60386,VRAI,0,FAUX,0,VRAI,0,17206,5802,0,5836,3457,3135,2515,0,22435
801,Education,36548,FAUX,14177,VRAI,6841,VRAI,1,11348,0,4344,2343,2355,795,2224,0,-7879
802,Finance,93682,FAUX,10094,FAUX,0,VRAI,3,24607,8117,7206,6785,7166,5510,3862,0,20335
803,Health,100078,VRAI,0,VRAI,11445,FAUX,0,29009,0,0,5602,6255,2292,2495,0,42980
804,Construction,119720,VRAI,0,FAUX,0,VRAI,4,33044,11624,12332,10962,7297,2874,6427,3473,31687
805,Construction,38548,VRAI,0,FAUX,0,VRAI,1,10917,3663,2308,2153,2273,2250,1991,0,12993
806,Construction,95416,FAUX,27486,FAUX,0,VRAI,0,27665,9474,0,5251,5983,3080,6226,0,10251
807,Transport,107647,VRAI,0,FAUX,0,VRAI,4,34300,6525,14614,5697,6078,6452,4483,0,29498
808,Extractives,30702,FAUX,16651,VRAI,7315,VRAI,4,9446,0,2043,2153,1851,1106,1782,0,-11645
809,Construction,39008,VRAI,0,FAUX,0,VRAI,3,13516,2905,2385,2844,2766,2336,1411,0,10845
810,Agriculture,111925,FAUX,14768,VRAI,4718,VRAI,5,32026,0,10038,6570,6865,5837,6715,0,24388
811,Health,57878,VRAI,0,VRAI,13033,VRAI,1,16418,0,4354,4562,4567,1620,1433,2391,9500
812,Education,33949,VRAI,0,FAUX,0,VRAI,1,10021,1870,1945,2482,2004,1511,751,1514,11851
813,Commerce,73494,FAUX,26950,FAUX,0,VRAI,4,21977,4839,6140,4914,3945,1718,1640,1745,-374
814,Construction,28854,FAUX,19901,VRAI,3710,FAUX,2,8040,0,3697,1661,2002,1635,1557,0,-13349
815,Construction,50590,FAUX,17662,VRAI,3653,VRAI,3,15306,0,5202,4961,3016,1982,3065,0,-4257
816,Finance,119177,VRAI,0,VRAI,6766,FAUX,2,39763,0,17280,10759,7308,6143,4477,1350,25331
817,Education,35629,FAUX,10425,VRAI,14480,VRAI,5,11706,0,2926,1848,2762,911,1695,449,-11573
818,Construction,106637,VRAI,0,FAUX,0,VRAI,3,31458,8444,8334,5745,5796,5115,2252,0,39493
819,Agriculture,29571,VRAI,0,VRAI,7127,FAUX,2,9543,0,2275,1626,1791,1068,615,0,5526
820,Education,58669,VRAI,0,FAUX,0,FAUX,0,18238,5721,0,5863,3587,1874,3691,0,19695
821,Transport,61965,FAUX,12841,VRAI,9563,FAUX,2,15968,0,3274,5837,4489,3698,2468,0,3827
822,Construction,50426,FAUX,28471,VRAI,8537,VRAI,0,16381,0,0,3232,3751,1247,2914,1405,-15512
823,Transport,42596,VRAI,0,FAUX,0,FAUX,0,10840,2487,0,2379,2359,2504,2026,0,20001
824,Agriculture,104361,VRAI,0,VRAI,5657,VRAI,3,36492,0,9134,8343,7898,2577,5685,0,28575
825,Extractives,34592,VRAI,0,FAUX,0,VRAI,3,9216,3032,4361,1833,1749,2039,1026,0,11336
826,Extractives,90981,VRAI,0,VRAI,13174,VRAI,4,30971,0,11875,5797,6948,4852,6046,0,11318
827,Extractives,115104,VRAI,0,FAUX,0,VRAI,4,28840,6001,8564,6412,7596,6252,6542,2989,41908
828,Finance,34525,FAUX,29589,FAUX,0,VRAI,5,11450,3225,3933,2498,2412,1666,2232,0,-22480
829,Industry,69039,VRAI,0,VRAI,13478,VRAI,4,17553,0,4557,4777,3906,2223,4747,0,17798
830,Industry,36927,FAUX,21155,FAUX,0,VRAI,3,10793,3408,4321,3199,2497,1402,2140,1363,-13351
831,Health,35384,VRAI,0,VRAI,9614,VRAI,4,12366,0,2175,3053,1824,750,894,0,4708
832,Health,106343,FAUX,20956,FAUX,0,VRAI,3,32652,5808,9891,8436,8218,2928,6412,2093,8949
833,Construction,56925,FAUX,12665,FAUX,0,FAUX,1,14800,4521,7277,3111,3141,1166,2828,0,7416
834,Transport,97438,VRAI,0,FAUX,0,FAUX,1,33369,9428,8428,7463,7660,5465,5798,0,19827
835,Agriculture,47485,FAUX,10256,VRAI,12085,VRAI,0,15619,0,0,2683,2490,989,2442,0,921
836,Extractives,113092,VRAI,0,VRAI,13987,VRAI,0,33098,0,0,9244,8559,4481,3487,1131,39105
837,Transport,116790,FAUX,18067,VRAI,14369,VRAI,4,33285,0,11025,6215,8627,3460,5025,0,16717
838,Construction,84089,FAUX,26137,FAUX,0,VRAI,1,26923,7384,10763,6213,5288,1718,5577,0,-5914
839,Finance,36371,VRAI,0,VRAI,13046,VRAI,1,11763,0,4314,2397,2011,876,2068,0,-104
840,Commerce,47342,VRAI,0,VRAI,9360,VRAI,4,13672,0,3245,4242,2958,1123,2093,717,9932
841,Industry,34853,FAUX,18294,VRAI,5746,VRAI,3,9187,0,2287,2934,1763,860,2168,0,-8386
842,Industry,45769,FAUX,23663,VRAI,7555,FAUX,0,12070,0,0,3636,3521,2367,2166,0,-9209
843,Industry,34545,VRAI,0,FAUX,0,FAUX,0,10787,2000,0,3213,2191,1958,1499,541,12356
844,Health,117114,VRAI,0,VRAI,3923,FAUX,2,31330,0,14928,11399,6208,3071,7963,5750,32542
845,Commerce,41343,VRAI,0,FAUX,0,VRAI,5,14024,3472,5043,2242,2199,1037,2696,0,10630
846,Education,107692,FAUX,29861,FAUX,0,VRAI,0,29760,6490,0,6807,8324,6097,3925,0,16428
847,Industry,63051,VRAI,0,VRAI,5555,VRAI,2,20150,0,4745,6171,3209,3677,1944,1368,16232
848,Construction,95009,VRAI,0,FAUX,0,VRAI,2,28059,8201,5658,6631,7552,4972,2659,2203,29074
849,Health,91533,VRAI,0,FAUX,0,VRAI,1,23041,7207,6520,5530,4920,2524,1976,0,39815
850,Finance,64983,FAUX,26261,VRAI,6966,VRAI,2,19343,0,9230,5601,4539,2446,3480,2173,-15056
851,Construction,36645,VRAI,0,VRAI,5556,VRAI,0,11236,0,0,2953,2436,1133,1180,1611,10540
852,Industry,52178,VRAI,0,VRAI,10203,VRAI,4,13663,0,2760,2903,3283,2477,1798,0,15091
853,Industry,112009,VRAI,0,VRAI,14950,FAUX,1,37187,0,16752,6029,7189,5833,6658,0,17411
854,Agriculture,51284,VRAI,0,FAUX,0,VRAI,2,13982,4049,5531,3094,3788,2321,1840,2315,14364
855,Extractives,51330,VRAI,0,FAUX,0,VRAI,1,13731,3782,5895,2639,2589,1292,1672,0,19730
856,Construction,26798,VRAI,0,FAUX,0,VRAI,3,6736,1443,2389,1546,1642,1209,1269,636,9928
857,Agriculture,31276,VRAI,0,VRAI,3037,VRAI,5,9741,0,4183,1850,1962,1115,1428,0,7960
858,Health,84660,FAUX,12674,FAUX,0,VRAI,2,27210,7208,9431,6392,5334,3702,2681,0,10028
859,Health,39333,FAUX,20404,VRAI,4663,FAUX,2,11074,0,5083,2223,2866,894,811,0,-8685
860,Education,54960,FAUX,19145,FAUX,0,FAUX,0,16442,3099,0,2761,3865,2308,2008,1575,3757
861,Commerce,39402,VRAI,0,VRAI,8616,VRAI,0,10919,0,0,3181,3125,963,1205,0,11393
862,Agriculture,46076,VRAI,0,FAUX,0,VRAI,3,11957,3856,2918,4330,3009,1073,2342,1890,14701
863,Extractives,97696,FAUX,16124,VRAI,3800,VRAI,5,30008,0,14231,6347,7787,4426,3136,0,11837
864,Extractives,39656,VRAI,0,FAUX,0,VRAI,5,13578,2136,5670,3384,2375,1412,2261,0,8840
865,Commerce,79158,FAUX,29874,VRAI,11053,FAUX,1,25965,0,6641,5460,6066,2862,4055,0,-12818
866,Education,47385,FAUX,14881,VRAI,6927,VRAI,2,14639,0,4001,3851,3663,1467,2144,0,-4188
867,Industry,28449,FAUX,22393,FAUX,0,FAUX,1,9058,1729,2616,1690,1429,1672,1183,0,-13321
868,Agriculture,51079,FAUX,11607,FAUX,0,FAUX,2,17428,3051,5684,5071,3906,2975,1896,895,-1434
869,Finance,66566,VRAI,0,FAUX,0,VRAI,2,22934,6206,3774,5492,3568,1346,1503,0,21743
870,Extractives,101106,VRAI,0,VRAI,11734,VRAI,2,30162,0,13044,7468,7431,3768,3296,1325,22878
871,Finance,67127,FAUX,22606,FAUX,0,VRAI,4,23168,5262,4466,6495,5105,3663,3669,0,-7307
872,Construction,90881,VRAI,0,FAUX,0,VRAI,0,22863,8288,0,8537,6403,3784,6183,3591,31232
873,Construction,30311,VRAI,0,FAUX,0,VRAI,5,8276,2642,3116,2138,1759,1817,714,566,9283
874,Construction,83108,VRAI,0,FAUX,0,VRAI,5,28855,4748,4995,4621,5584,4258,3185,0,26862
875,Industry,28032,FAUX,11983,FAUX,0,FAUX,0,8567,2127,0,2605,1949,772,648,0,-619
876,Health,34967,VRAI,0,VRAI,11433,VRAI,4,11653,0,3896,3345,1991,868,709,0,1072
877,Construction,27487,VRAI,0,FAUX,0,FAUX,1,8431,2461,2912,1866,1445,1352,1746,0,7274
878,Industry,98010,FAUX,27826,VRAI,6269,VRAI,0,25842,0,0,7602,6680,4726,5293,2275,11497
879,Agriculture,86243,VRAI,0,VRAI,7789,VRAI,1,24906,0,7620,4379,5496,1812,4184,0,30057
880,Transport,44860,FAUX,24135,VRAI,3737,VRAI,3,15665,0,5183,3458,3273,2404,2706,783,-16484
881,Finance,110101,FAUX,11373,FAUX,0,FAUX,0,28407,7724,0,7564,6398,3509,4186,0,40940
882,Industry,82863,FAUX,20934,FAUX,0,VRAI,5,26086,5817,4277,6594,4174,1661,4209,1464,7647
883,Health,37372,VRAI,0,FAUX,0,FAUX,0,9637,2664,0,3636,2112,1131,935,0,17257
884,Commerce,32902,FAUX,11979,VRAI,4918,VRAI,1,9972,0,3892,2693,2515,1429,1938,1221,-7655
885,Education,83195,FAUX,10285,FAUX,0,VRAI,5,21881,8183,10910,4616,4463,3642,3098,2634,13483
886,Industry,82706,FAUX,14862,FAUX,0,FAUX,2,21271,6759,9795,6342,5790,2427,3678,1123,10659
887,Finance,45176,VRAI,0,VRAI,14855,VRAI,3,14228,0,4371,3559,2780,1132,1774,0,2477
888,Extractives,35003,FAUX,23747,VRAI,10383,VRAI,5,9726,0,4933,2886,1835,889,972,0,-20368
889,Transport,43731,FAUX,26361,VRAI,5046,VRAI,0,13553,0,0,2358,2562,1437,2105,604,-10295
890,Transport,27780,VRAI,0,FAUX,0,VRAI,1,8829,2450,4144,1868,1731,739,839,0,7180
891,Transport,58423,VRAI,0,FAUX,0,FAUX,2,20005,4397,4366,4093,4181,3215,2439,0,15727
892,Health,41989,FAUX,10944,VRAI,8751,VRAI,4,13028,0,4444,2897,3186,1947,2353,1903,-7464
893,Education,27607,VRAI,0,FAUX,0,VRAI,0,9445,2263,0,1619,1945,1023,1368,0,9944
894,Transport,52321,VRAI,0,VRAI,5860,FAUX,1,14566,0,6450,2900,3796,1142,1574,0,16033
895,Finance,93282,FAUX,20810,FAUX,0,VRAI,5,29294,6700,5526,8936,6842,2076,4314,4056,4728
896,Transport,33260,FAUX,22648,FAUX,0,FAUX,2,8716,2030,2751,2025,2053,1409,1804,0,-10176
897,Education,51201,FAUX,27314,VRAI,4946,VRAI,5,15684,0,6465,3499,3397,2081,1266,551,-14002
898,Transport,117966,FAUX,28756,FAUX,0,FAUX,1,39808,7156,9736,6787,8094,4340,5976,0,7313
899,Health,96992,VRAI,0,VRAI,10082,FAUX,2,30193,0,12808,6512,5413,2709,5492,0,23783
900,Industry,60375,FAUX,28070,VRAI,3256,FAUX,2,19290,0,5615,5104,3962,3566,1697,0,-10185
901,Extractives,95788,FAUX,22684,VRAI,12587,VRAI,0,28072,0,0,7056,6928,4847,2675,0,10939
902,Agriculture,37410,VRAI,0,FAUX,0,VRAI,1,9728,2612,3768,3733,2070,2218,1451,993,10837
903,Extractives,109261,FAUX,12600,FAUX,0,VRAI,5,27572,7514,6673,7388,6031,3816,4466,3962,29239
904,Finance,72442,VRAI,0,VRAI,6145,VRAI,2,21406,0,4706,5251,4227,4181,4651,2221,19654
905,Construction,32259,VRAI,0,VRAI,14230,VRAI,2,8443,0,3721,2985,2514,1900,1905,1423,-4862
906,Industry,33066,FAUX,22269,VRAI,4120,VRAI,3,11435,0,3091,2683,2314,1384,1000,0,-15230
907,Transport,50952,VRAI,0,VRAI,10454,FAUX,1,16730,0,5910,3866,2803,3013,1974,1515,4687
908,Health,103401,VRAI,0,VRAI,9861,VRAI,0,34782,0,0,8252,6951,5431,6133,0,31991
909,Transport,39985,VRAI,0,FAUX,0,VRAI,2,11545,3224,2223,3011,3043,1141,1652,0,14146
910,Health,73869,VRAI,0,FAUX,0,VRAI,0,21806,6712,0,5664,4443,3421,4128,0,27695
911,Commerce,57788,FAUX,25544,FAUX,0,VRAI,5,15640,3208,7682,4898,3886,1593,2899,852,-8414
912,Construction,36353,VRAI,0,FAUX,0,VRAI,5,12716,1824,1918,3315,2035,815,1158,0,12572
913,Construction,108750,FAUX,12920,FAUX,0,FAUX,0,37869,9290,0,5777,5552,2907,6132,3312,24991
914,Commerce,47549,VRAI,0,FAUX,0,FAUX,0,12449,3116,0,4228,3152,2534,1216,0,20854
915,Finance,31162,FAUX,27667,FAUX,0,VRAI,0,10826,1584,0,3034,1902,635,1697,0,-16183
916,Transport,70985,FAUX,10968,FAUX,0,VRAI,3,20690,3677,5830,6259,5594,2203,2294,0,13470
917,Finance,90566,FAUX,26081,VRAI,12297,VRAI,1,23660,0,10684,5706,5820,2895,3275,3632,-3484
918,Health,27193,FAUX,29488,FAUX,0,VRAI,0,9391,2501,0,1938,1885,736,1305,0,-20051
919,Industry,53337,FAUX,29322,VRAI,12241,VRAI,3,14798,0,2840,4855,3108,2766,1835,2611,-21039
920,Industry,59089,FAUX,22458,VRAI,7231,VRAI,0,17901,0,0,5562,4628,1419,1984,0,-2094
921,Education,40605,VRAI,0,VRAI,13489,VRAI,3,13735,0,3235,3702,2466,972,2351,0,655
922,Health,99116,FAUX,27580,VRAI,13088,VRAI,4,29354,0,6985,6449,5553,5051,5513,0,-457
923,Agriculture,119426,FAUX,28220,VRAI,9976,VRAI,1,30946,0,11183,9445,7841,3969,5627,0,12219
924,Construction,61854,VRAI,0,FAUX,0,FAUX,2,16112,3161,4153,4839,4397,1738,3303,2136,22015
925,Industry,58165,FAUX,17148,FAUX,0,VRAI,4,16180,4019,3441,3234,4176,3360,2939,0,3668
926,Commerce,28022,FAUX,25204,VRAI,8413,VRAI,1,8323,0,2886,1771,1941,1348,979,0,-22843
927,Extractives,110420,FAUX,18089,FAUX,0,VRAI,1,35254,8458,10315,7659,8309,3177,6262,0,12897
928,Construction,118444,FAUX,14629,FAUX,0,FAUX,0,35582,10950,0,7317,9245,6893,8047,0,25781
929,Agriculture,35687,VRAI,0,FAUX,0,VRAI,3,12370,2057,4434,2420,2407,855,1260,0,9884
930,Construction,65171,VRAI,0,FAUX,0,FAUX,1,17704,6010,7374,3515,4209,1850,1952,0,22557
931,Extractives,71023,VRAI,0,FAUX,0,FAUX,1,17797,4929,5522,5576,4084,2304,4439,0,26372
932,Finance,42589,VRAI,0,FAUX,0,FAUX,0,11805,2947,0,3692,3327,1753,873,1104,17088
933,Construction,35876,VRAI,0,FAUX,0,VRAI,3,10101,3571,3341,3354,2758,1917,801,0,10033
934,Health,104296,FAUX,12354,FAUX,0,FAUX,2,28664,8785,7162,8047,8301,3889,5433,0,21661
935,Commerce,114334,FAUX,26150,FAUX,0,VRAI,3,33400,10598,14538,6086,7847,3362,5473,0,6880
936,Commerce,37366,VRAI,0,VRAI,12457,FAUX,2,11393,0,1873,2473,2114,2198,2106,512,2240
937,Transport,26335,FAUX,26496,FAUX,0,VRAI,5,8437,1550,2539,1343,1428,1241,1510,503,-18712
938,Commerce,49458,VRAI,0,VRAI,5092,FAUX,0,13751,0,0,4139,3849,1676,1803,0,19148
939,Transport,117442,VRAI,0,FAUX,0,VRAI,2,35348,10939,10765,10240,8889,3805,4655,5086,27715
940,Commerce,52072,FAUX,15479,VRAI,6090,VRAI,0,15260,0,0,3909,4011,1584,3300,0,2439
941,Transport,60765,VRAI,0,FAUX,0,FAUX,1,16755,4197,5202,4169,3618,2725,1714,0,22385
942,Construction,25732,VRAI,0,FAUX,0,VRAI,0,7611,2016,0,2443,2035,1167,1497,422,8541
943,Agriculture,44858,VRAI,0,VRAI,7539,VRAI,2,14155,0,5534,3063,2787,1890,3001,0,6889
944,Extractives,39385,VRAI,0,FAUX,0,VRAI,3,11285,2895,3019,2648,2736,2178,1150,0,13474
945,Health,29548,FAUX,28724,VRAI,13484,VRAI,4,9984,0,3707,2856,1672,1579,1610,0,-34068
946,Finance,29313,VRAI,0,VRAI,10911,FAUX,0,8137,0,0,2082,1643,1041,1306,1194,2999
947,Education,35961,FAUX,13354,VRAI,10101,VRAI,4,11931,0,3436,3236,2496,724,1175,0,-10492
948,Finance,38414,FAUX,21914,VRAI,14923,VRAI,2,9709,0,2169,3330,2291,1301,1168,0,-18391
949,Finance,26627,VRAI,0,VRAI,9558,VRAI,1,7911,0,1402,1453,1879,989,1683,0,1752
950,Finance,87973,VRAI,0,FAUX,0,FAUX,2,24451,5458,8775,8553,5570,4087,4788,0,26291
951,Extractives,32371,FAUX,18167,VRAI,4151,FAUX,2,9729,0,1723,2665,2156,1510,2152,0,-9882
952,Agriculture,71985,FAUX,26474,FAUX,0,FAUX,1,21659,4046,10352,7077,5702,1552,4845,0,-9722
953,Transport,57507,VRAI,0,FAUX,0,VRAI,2,14855,5507,5200,4007,3397,2209,1874,2415,18043
954,Construction,48697,VRAI,0,FAUX,0,VRAI,0,15396,4593,0,4181,2626,2806,3165,704,15226
955,Extractives,45781,FAUX,23622,VRAI,8435,FAUX,1,11737,0,3920,3664,3052,1656,1897,1292,-13494
956,Education,57970,VRAI,0,FAUX,0,FAUX,2,15070,5783,5219,4748,4438,2140,3402,0,17170
957,Extractives,56147,FAUX,20262,FAUX,0,FAUX,1,14363,3245,3398,4725,3828,1929,1284,0,3113
958,Commerce,39727,VRAI,0,VRAI,9846,FAUX,0,11434,0,0,3344,2258,1466,1901,0,9478
959,Finance,117300,FAUX,18444,FAUX,0,VRAI,0,33719,7345,0,6534,6360,6350,5798,0,32750
960,Commerce,94621,VRAI,0,VRAI,9895,FAUX,1,28952,0,4938,9159,7293,3948,4623,0,25813
961,Industry,110314,VRAI,0,VRAI,9959,VRAI,3,34682,0,12276,9482,7643,4499,5966,0,25807
962,Extractives,28948,VRAI,0,FAUX,0,VRAI,3,8377,1739,1651,2565,1664,1284,1574,0,10094
963,Finance,105977,VRAI,0,FAUX,0,FAUX,1,37069,10067,15112,9528,7255,2664,5417,4812,14053
964,Extractives,49874,VRAI,0,VRAI,14825,VRAI,4,14795,0,4920,4646,3164,1722,3478,0,2324
965,Agriculture,40381,VRAI,0,VRAI,8454,FAUX,2,12969,0,5013,3027,2594,985,1937,1982,3420
966,Health,50909,VRAI,0,VRAI,7799,VRAI,2,17338,0,7122,2805,2763,2773,2033,1548,6728
967,Industry,111087,FAUX,21565,VRAI,3087,FAUX,1,38397,0,14319,9575,6174,6263,6820,4981,-94
968,Construction,41502,FAUX,25840,FAUX,0,VRAI,5,14495,3482,5105,2516,2173,1289,1346,735,-15479
969,Finance,98653,VRAI,0,VRAI,6577,VRAI,4,32303,0,14183,5631,6044,3086,6219,0,24610
970,Industry,50187,VRAI,0,FAUX,0,FAUX,1,13835,3112,3830,3357,2670,2403,1524,0,19456
971,Commerce,40693,VRAI,0,FAUX,0,VRAI,0,13058,2207,0,3543,2881,1222,1328,0,16454
972,Construction,54604,FAUX,19203,FAUX,0,FAUX,1,18536,2761,8004,4023,4037,1369,2173,1183,-6685
973,Commerce,47855,VRAI,0,VRAI,14101,FAUX,2,13180,0,3632,3561,3329,1189,1377,2342,5144
974,Commerce,25449,VRAI,0,VRAI,10285,FAUX,1,8440,0,2588,1984,1785,948,656,1022,-2259
975,Education,38627,FAUX,11567,VRAI,4094,VRAI,1,10139,0,2454,3519,2999,1994,1160,0,701
976,Transport,117184,VRAI,0,VRAI,9973,VRAI,2,32924,0,9340,7650,8969,5736,6267,0,36325
977,Agriculture,56588,FAUX,21301,FAUX,0,VRAI,3,17067,3808,6633,5520,3653,2186,2983,1139,-7702
978,Extractives,44517,VRAI,0,VRAI,11973,FAUX,0,14171,0,0,3837,3421,2244,997,931,6943
979,Transport,48924,FAUX,28811,VRAI,7930,FAUX,2,16419,0,3575,4522,2650,2113,3150,0,-20246
980,Agriculture,38699,VRAI,0,VRAI,4694,VRAI,2,11003,0,4821,3146,2417,2267,2196,1539,6616
981,Construction,48463,VRAI,0,FAUX,0,VRAI,1,13004,4068,6122,3463,3675,1261,1644,893,14333
982,Finance,25589,VRAI,0,FAUX,0,VRAI,3,8696,2555,3207,2521,1883,1497,1416,667,3147
983,Transport,37329,VRAI,0,VRAI,12491,FAUX,0,10163,0,0,3086,2634,1769,796,0,6390
984,Finance,49662,FAUX,14328,FAUX,0,VRAI,0,12615,4374,0,2730,3074,1199,3071,0,8271
985,Transport,106214,VRAI,0,VRAI,13957,VRAI,4,27376,0,11611,6316,6461,5786,4377,0,30330
986,Transport,50249,VRAI,0,FAUX,0,VRAI,2,15838,3735,6484,4814,3097,2203,2262,0,11816
987,Extractives,33956,FAUX,13497,VRAI,14597,VRAI,1,8995,0,4480,2166,2055,973,1673,1232,-15712
988,Education,31107,VRAI,0,VRAI,11361,VRAI,0,9563,0,0,2750,1824,1131,1437,343,2698
989,Transport,26461,VRAI,0,VRAI,9030,FAUX,1,7122,0,3734,1348,1841,936,1419,0,1031
990,Agriculture,107236,VRAI,0,VRAI,5392,VRAI,1,35826,0,6929,10141,6807,4503,6952,1852,28834
991,Extractives,117013,VRAI,0,VRAI,5177,VRAI,1,38678,0,9714,7724,7195,5290,4926,0,38309
992,Education,90941,FAUX,14779,VRAI,5972,VRAI,4,22916,0,9468,8896,5614,3347,6224,0,13725
993,Commerce,96288,VRAI,0,VRAI,6311,FAUX,1,31611,0,7671,7523,5534,5072,2457,0,30109
994,Health,31423,VRAI,0,VRAI,3338,FAUX,1,8054,0,4669,1620,2195,1095,1643,1161,7648
995,Transport,100144,VRAI,0,VRAI,6477,VRAI,0,27896,0,0,6250,7287,2476,3855,2034,43869
996,Agriculture,64803,FAUX,28201,VRAI,13826,VRAI,2,16590,0,9544,4748,5041,1321,2098,2642,-19208
997,Transport,53582,FAUX,23545,FAUX,0,FAUX,0,17213,2865,0,4008,3438,1737,3403,1291,-3918
998,Health,72190,FAUX,16891,VRAI,13316,VRAI,4,18605,0,5471,3949,4292,3970,2696,0,3000
999,Health,96258,VRAI,0,FAUX,0,FAUX,2,25302,7200,9249,8222,5071,4408,4891,3050,28865
1000,Extractives,80221,FAUX,20750,FAUX,0,VRAI,3,22192,5632,9641,4166,6314,1752,5139,0,4635
